reviewer,paper_id,excluded,category,question,raw_value,tag
amar,4K6NZE25,False,General information,Code available?,no,
amar,4K6NZE25,False,General information,Project status,Not applicable,
amar,4K6NZE25,False,General information,License,Not applicable,
amar,4K6NZE25,False,General information,Additional information,No additional information,
amar,4K6NZE25,False,Target platform (RQ1),Deployment,Robot simulation,
amar,4K6NZE25,False,Target platform (RQ1),Deployment,Real robot,
amar,4K6NZE25,False,Target platform (RQ1),Robotic device,Mobile platform,
amar,4K6NZE25,False,Target platform (RQ1),Robotic device,Drone,
amar,4K6NZE25,False,Target platform (RQ1),Simulation environment,Other: MATLAB,Other
amar,4K6NZE25,False,Target platform (RQ1),Domain,Underspecified,
amar,4K6NZE25,False,Target platform (RQ1),Use case,Navigation,
amar,4K6NZE25,False,Target platform (RQ1),Location,Laboratory,
amar,4K6NZE25,False,Target platform (RQ1),Multi Agent System,"No, i.e. one human - one robot",
amar,4K6NZE25,False,Software characteristics (RQ2),Middleware,ROS1,
amar,4K6NZE25,False,Software characteristics (RQ2),Control algorithm,Other: ORCA; DWA,Other
amar,4K6NZE25,False,Software characteristics (RQ2),Adaptation,"Yes, autonomous adaptation",
amar,4K6NZE25,False,Software characteristics (RQ2),Goal of adaptation,Continuous learning,
amar,4K6NZE25,False,Explanation structure (RQ3),Intrinsic vs. post-hoc,Pre-hoc,
amar,4K6NZE25,False,Explanation structure (RQ3),Generation technique,Tree-based,
amar,4K6NZE25,False,Explanation structure (RQ3),Explained robot part,Behaviour,
amar,4K6NZE25,False,Explanation structure (RQ3),Explanatory question,How,
amar,4K6NZE25,False,Explanation structure (RQ3),Explanatory question,Why,
amar,4K6NZE25,False,Explanation structure (RQ3),Planning level scope,Action level,
amar,4K6NZE25,False,Explanation structure (RQ3),Presentation modality,Underspecified,
amar,4K6NZE25,False,Stakeholder (RQ4),HRI Type,Coexistence,
amar,4K6NZE25,False,Stakeholder (RQ4),Motivation,Control,
amar,4K6NZE25,False,Stakeholder (RQ4),Stakeholder type,Bystander,
amar,4K6NZE25,False,Evaluation (RQ5),State of explainability,Evaluated,
amar,4K6NZE25,False,Evaluation (RQ5),Type of explainability evaluation,"Technical (Benchmark), Quantitative",
amar,4K6NZE25,False,Evaluation (RQ5),Evaluation metrics,Not applicable,
amar,NNZH8T5S,False,General information,Code available?,yes,
amar,NNZH8T5S,False,General information,Project status,unmaintained,
amar,NNZH8T5S,False,General information,License,MIT,
amar,NNZH8T5S,False,General information,Additional information,No additional information,
amar,NNZH8T5S,False,Target platform (RQ1),Deployment,Not applicable,
amar,NNZH8T5S,False,Target platform (RQ1),Robotic device,Drone,
amar,NNZH8T5S,False,Target platform (RQ1),Simulation environment,Not applicable,
amar,NNZH8T5S,False,Target platform (RQ1),Domain,Defense and security,
amar,NNZH8T5S,False,Target platform (RQ1),Use case,Other: anomaly severity detection,Other
amar,NNZH8T5S,False,Target platform (RQ1),Location,Underspecified,
amar,NNZH8T5S,False,Target platform (RQ1),Location,Not applicable,
amar,NNZH8T5S,False,Target platform (RQ1),Multi Agent System,"No, i.e. one human - one robot",
amar,NNZH8T5S,False,Software characteristics (RQ2),Middleware,Not applicable,
amar,NNZH8T5S,False,Software characteristics (RQ2),Middleware,Underspecified,
amar,NNZH8T5S,False,Software characteristics (RQ2),Control algorithm,Not applicable,
amar,NNZH8T5S,False,Software characteristics (RQ2),Adaptation,Underspecified,
amar,NNZH8T5S,False,Software characteristics (RQ2),Goal of adaptation,Not applicable,
amar,NNZH8T5S,False,Explanation structure (RQ3),Intrinsic vs. post-hoc,Post-hoc,
amar,NNZH8T5S,False,Explanation structure (RQ3),Generation technique,Other: Gradient-based,Other
amar,NNZH8T5S,False,Explanation structure (RQ3),Explained robot part,Perception,
amar,NNZH8T5S,False,Explanation structure (RQ3),Explanatory question,Why,
amar,NNZH8T5S,False,Explanation structure (RQ3),Planning level scope,Action level,
amar,NNZH8T5S,False,Explanation structure (RQ3),Presentation modality,Plot,
amar,NNZH8T5S,False,Explanation structure (RQ3),Presentation modality,Text,
amar,NNZH8T5S,False,Explanation structure (RQ3),Presentation modality,Logs,
amar,NNZH8T5S,False,Stakeholder (RQ4),HRI Type,No coexistence,
amar,NNZH8T5S,False,Stakeholder (RQ4),Motivation,Transparency,
amar,NNZH8T5S,False,Stakeholder (RQ4),Stakeholder type,Domain expert,
amar,NNZH8T5S,False,Evaluation (RQ5),State of explainability,Evaluated,
amar,NNZH8T5S,False,Evaluation (RQ5),Type of explainability evaluation,"Technical (Benchmark), Quantitative",
amar,NNZH8T5S,False,Evaluation (RQ5),Evaluation metrics,Not applicable,
amar,DJ53NPPG,False,General information,Code available?,no,
amar,DJ53NPPG,False,General information,Project status,Not applicable,
amar,DJ53NPPG,False,General information,License,Not applicable,
amar,DJ53NPPG,False,General information,Additional information,No additional information,
amar,DJ53NPPG,False,Target platform (RQ1),Deployment,Other simulation,
amar,DJ53NPPG,False,Target platform (RQ1),Robotic device,Drone,
amar,DJ53NPPG,False,Target platform (RQ1),Simulation environment,Unity,
amar,DJ53NPPG,False,Target platform (RQ1),Domain,Transportation and logistics,
amar,DJ53NPPG,False,Target platform (RQ1),Use case,Navigation,
amar,DJ53NPPG,False,Target platform (RQ1),Location,Field,
amar,DJ53NPPG,False,Target platform (RQ1),Multi Agent System,Multiple humans - multiple robots,
amar,DJ53NPPG,False,Target platform (RQ1),Multi Agent System,One human - multiple robots,
amar,DJ53NPPG,False,Software characteristics (RQ2),Middleware,Mo Middleware,
amar,DJ53NPPG,False,Software characteristics (RQ2),Control algorithm,RL,
amar,DJ53NPPG,False,Software characteristics (RQ2),Adaptation,"Yes, autonomous adaptation",
amar,DJ53NPPG,False,Software characteristics (RQ2),Goal of adaptation,Other: Conflict resolution,Other
amar,DJ53NPPG,False,Explanation structure (RQ3),Intrinsic vs. post-hoc,Post-hoc,
amar,DJ53NPPG,False,Explanation structure (RQ3),Intrinsic vs. post-hoc,Intrinsic,
amar,DJ53NPPG,False,Explanation structure (RQ3),Generation technique,SHAP-based,
amar,DJ53NPPG,False,Explanation structure (RQ3),Generation technique,DL-based,
amar,DJ53NPPG,False,Explanation structure (RQ3),Explained robot part,Behaviour,
amar,DJ53NPPG,False,Explanation structure (RQ3),Explanatory question,Why,
amar,DJ53NPPG,False,Explanation structure (RQ3),Planning level scope,Policy level,
amar,DJ53NPPG,False,Explanation structure (RQ3),Presentation modality,Plot,
amar,DJ53NPPG,False,Explanation structure (RQ3),Presentation modality,Visualization,
amar,DJ53NPPG,False,Stakeholder (RQ4),HRI Type,Human supervision,
amar,DJ53NPPG,False,Stakeholder (RQ4),Motivation,Transparency,
amar,DJ53NPPG,False,Stakeholder (RQ4),Motivation,Other: fairness,Other
amar,DJ53NPPG,False,Stakeholder (RQ4),Stakeholder type,Operator / End user (non-expert),
amar,DJ53NPPG,False,Stakeholder (RQ4),Stakeholder type,Regulatory body,
amar,DJ53NPPG,False,Evaluation (RQ5),State of explainability,Evaluated,
amar,DJ53NPPG,False,Evaluation (RQ5),Type of explainability evaluation,"Technical (Benchmark), Qualitative",
amar,DJ53NPPG,False,Evaluation (RQ5),Evaluation metrics,"Other: fairness, trajectory similarity",Other
amar,7EQMTRS5,False,General information,Code available?,yes,
amar,7EQMTRS5,False,General information,Project status,unmaintained,
amar,7EQMTRS5,False,General information,License,Underspecified,
amar,7EQMTRS5,False,General information,Additional information,No additional information,
amar,7EQMTRS5,False,Target platform (RQ1),Deployment,Real robot,
amar,7EQMTRS5,False,Target platform (RQ1),Robotic device,Humanoid robot,
amar,7EQMTRS5,False,Target platform (RQ1),Simulation environment,Not applicable,
amar,7EQMTRS5,False,Target platform (RQ1),Domain,Hospitality and entertainment,
amar,7EQMTRS5,False,Target platform (RQ1),Use case,Other: multi-party conversation,Other
amar,7EQMTRS5,False,Target platform (RQ1),Location,Laboratory,
amar,7EQMTRS5,False,Target platform (RQ1),Multi Agent System,Multiple humans - one robot,
amar,7EQMTRS5,False,Software characteristics (RQ2),Middleware,YARP,
amar,7EQMTRS5,False,Software characteristics (RQ2),Control algorithm,DL-Based,
amar,7EQMTRS5,False,Software characteristics (RQ2),Control algorithm,Cognitive architecture,
amar,7EQMTRS5,False,Software characteristics (RQ2),Adaptation,"Yes, autonomous adaptation",
amar,7EQMTRS5,False,Software characteristics (RQ2),Goal of adaptation,Other: interaction adaptation,Other
amar,7EQMTRS5,False,Explanation structure (RQ3),Intrinsic vs. post-hoc,Intrinsic,
amar,7EQMTRS5,False,Explanation structure (RQ3),Generation technique,DL-based,
amar,7EQMTRS5,False,Explanation structure (RQ3),Explained robot part,Perception,
amar,7EQMTRS5,False,Explanation structure (RQ3),Explanatory question,Why,
amar,7EQMTRS5,False,Explanation structure (RQ3),Planning level scope,Action level,
amar,7EQMTRS5,False,Explanation structure (RQ3),Presentation modality,Visualization,
amar,7EQMTRS5,False,Explanation structure (RQ3),Presentation modality,Speech,
amar,7EQMTRS5,False,Explanation structure (RQ3),Presentation modality,Expressive lights,
amar,7EQMTRS5,False,Stakeholder (RQ4),HRI Type,Coexistence,
amar,7EQMTRS5,False,Stakeholder (RQ4),Motivation,Transparency,
amar,7EQMTRS5,False,Stakeholder (RQ4),Motivation,Trust (increase),
amar,7EQMTRS5,False,Stakeholder (RQ4),Stakeholder type,Operator / End user (non-expert),
amar,7EQMTRS5,False,Stakeholder (RQ4),Stakeholder type,Developer,
amar,7EQMTRS5,False,Evaluation (RQ5),State of explainability,Evaluated,
amar,7EQMTRS5,False,Evaluation (RQ5),Type of explainability evaluation,"Technical (Benchmark), Quantitative",
amar,7EQMTRS5,False,Evaluation (RQ5),Type of explainability evaluation,"User study, Quantitative",
amar,7EQMTRS5,False,Evaluation (RQ5),Evaluation metrics,Satisfaction,
amar,7EQMTRS5,False,Evaluation (RQ5),Evaluation metrics,Trust,
amar,7EQMTRS5,False,Evaluation (RQ5),Evaluation metrics,Competence,
amar,NW8A9XC5,False,General information,Code available?,no,
amar,NW8A9XC5,False,General information,Project status,Not applicable,
amar,NW8A9XC5,False,General information,License,Not applicable,
amar,NW8A9XC5,False,General information,Additional information,No additional information,
amar,NW8A9XC5,False,Target platform (RQ1),Deployment,Robot simulation,
amar,NW8A9XC5,False,Target platform (RQ1),Robotic device,Manipulator (unspecified) => Use if not further specified,
amar,NW8A9XC5,False,Target platform (RQ1),Simulation environment,Other: OpenRAVE,Other
amar,NW8A9XC5,False,Target platform (RQ1),Domain,Other: General motion planning,Other
amar,NW8A9XC5,False,Target platform (RQ1),Use case,Manipulation,
amar,NW8A9XC5,False,Target platform (RQ1),Location,Not applicable,
amar,NW8A9XC5,False,Target platform (RQ1),Multi Agent System,Underspecified,
amar,NW8A9XC5,False,Software characteristics (RQ2),Middleware,Mo Middleware,
amar,NW8A9XC5,False,Software characteristics (RQ2),Control algorithm,Other: Optimization- and sampling-based motion planning,Other
amar,NW8A9XC5,False,Software characteristics (RQ2),Adaptation,"Yes, with user involvement",
amar,NW8A9XC5,False,Software characteristics (RQ2),Goal of adaptation,"Other: human-guided planning, explanation",Other
amar,NW8A9XC5,False,Explanation structure (RQ3),Intrinsic vs. post-hoc,Post-hoc,
amar,NW8A9XC5,False,Explanation structure (RQ3),Generation technique,"Other: this is the paper with those several techniques: cost-, environment-, etc., based",Other
amar,NW8A9XC5,False,Explanation structure (RQ3),Explained robot part,Behaviour,
amar,NW8A9XC5,False,Explanation structure (RQ3),Explanatory question,Why,
amar,NW8A9XC5,False,Explanation structure (RQ3),Planning level scope,Sequence level,
amar,NW8A9XC5,False,Explanation structure (RQ3),Presentation modality,Visualization,
amar,NW8A9XC5,False,Explanation structure (RQ3),Presentation modality,Text,
amar,NW8A9XC5,False,Stakeholder (RQ4),HRI Type,Human supervision,
amar,NW8A9XC5,False,Stakeholder (RQ4),Motivation,Debugging,
amar,NW8A9XC5,False,Stakeholder (RQ4),Motivation,Trust (unspecified),
amar,NW8A9XC5,False,Stakeholder (RQ4),Stakeholder type,Developer,
amar,NW8A9XC5,False,Stakeholder (RQ4),Stakeholder type,Operator / End user (non-expert),
amar,NW8A9XC5,False,Evaluation (RQ5),State of explainability,Evaluated,
amar,NW8A9XC5,False,Evaluation (RQ5),Type of explainability evaluation,"Technical (Benchmark), Quantitative",
amar,NW8A9XC5,False,Evaluation (RQ5),Type of explainability evaluation,"User study, Quantitative",
amar,NW8A9XC5,False,Evaluation (RQ5),Evaluation metrics,Satisfaction,
amar,8DZ6PNVQ,False,General information,Code available?,no,
amar,8DZ6PNVQ,False,General information,Project status,Not applicable,
amar,8DZ6PNVQ,False,General information,License,Not applicable,
amar,8DZ6PNVQ,False,General information,Additional information,No additional information,
amar,8DZ6PNVQ,False,Target platform (RQ1),Deployment,Robot simulation,
amar,8DZ6PNVQ,False,Target platform (RQ1),Robotic device,Parallel robot manipulator,
amar,8DZ6PNVQ,False,Target platform (RQ1),Simulation environment,Gazebo,
amar,8DZ6PNVQ,False,Target platform (RQ1),Domain,Consumer robot,
amar,8DZ6PNVQ,False,Target platform (RQ1),Use case,Navigation,
amar,8DZ6PNVQ,False,Target platform (RQ1),Location,Not applicable,
amar,8DZ6PNVQ,False,Target platform (RQ1),Multi Agent System,"No, i.e. one human - one robot",
amar,8DZ6PNVQ,False,Software characteristics (RQ2),Middleware,Not applicable,
amar,8DZ6PNVQ,False,Software characteristics (RQ2),Control algorithm,DL-Based,
amar,8DZ6PNVQ,False,Software characteristics (RQ2),Adaptation,"Yes, with user involvement",
amar,8DZ6PNVQ,False,Software characteristics (RQ2),Goal of adaptation,Self healing,
amar,8DZ6PNVQ,False,Explanation structure (RQ3),Intrinsic vs. post-hoc,Post-hoc,
amar,8DZ6PNVQ,False,Explanation structure (RQ3),Generation technique,DL-based,
amar,8DZ6PNVQ,False,Explanation structure (RQ3),Explained robot part,Behaviour,
amar,8DZ6PNVQ,False,Explanation structure (RQ3),Explanatory question,Why,
amar,8DZ6PNVQ,False,Explanation structure (RQ3),Planning level scope,Action level,
amar,8DZ6PNVQ,False,Explanation structure (RQ3),Presentation modality,Text,
amar,8DZ6PNVQ,False,Stakeholder (RQ4),HRI Type,Human supervision,
amar,8DZ6PNVQ,False,Stakeholder (RQ4),Motivation,Transparency,
amar,8DZ6PNVQ,False,Stakeholder (RQ4),Stakeholder type,Operator / End user (non-expert),
amar,8DZ6PNVQ,False,Evaluation (RQ5),State of explainability,Evaluated,
amar,8DZ6PNVQ,False,Evaluation (RQ5),Type of explainability evaluation,"Technical (Benchmark), Quantitative",
amar,8DZ6PNVQ,False,Evaluation (RQ5),Type of explainability evaluation,"User study, Quantitative",
amar,8DZ6PNVQ,False,Evaluation (RQ5),Evaluation metrics,Other: Failure Identifcation (FId); Solution Identifcation (SId);,Other
amar,LSM5Q8IZ,False,General information,Code available?,no,
amar,LSM5Q8IZ,False,General information,Project status,Not applicable,
amar,LSM5Q8IZ,False,General information,License,Not applicable,
amar,LSM5Q8IZ,False,General information,Additional information,No additional information,
amar,LSM5Q8IZ,False,Target platform (RQ1),Deployment,Robot simulation,
amar,LSM5Q8IZ,False,Target platform (RQ1),Robotic device,Manipulator (unspecified) => Use if not further specified,
amar,LSM5Q8IZ,False,Target platform (RQ1),Simulation environment,Other: MotionBenchMaker,Other
amar,LSM5Q8IZ,False,Target platform (RQ1),Domain,Underspecified,
amar,LSM5Q8IZ,False,Target platform (RQ1),Use case,Manipulation,
amar,LSM5Q8IZ,False,Target platform (RQ1),Location,Not applicable,
amar,LSM5Q8IZ,False,Target platform (RQ1),Multi Agent System,Underspecified,
amar,LSM5Q8IZ,False,Software characteristics (RQ2),Middleware,Underspecified,
amar,LSM5Q8IZ,False,Software characteristics (RQ2),Control algorithm,Underspecified,
amar,LSM5Q8IZ,False,Software characteristics (RQ2),Adaptation,Underspecified,
amar,LSM5Q8IZ,False,Software characteristics (RQ2),Goal of adaptation,Other: failure explanation via design modification,Other
amar,LSM5Q8IZ,False,Explanation structure (RQ3),Intrinsic vs. post-hoc,Post-hoc,
amar,LSM5Q8IZ,False,Explanation structure (RQ3),Generation technique,Other: failure explanation via design modification,Other
amar,LSM5Q8IZ,False,Explanation structure (RQ3),Explained robot part,Behaviour,
amar,LSM5Q8IZ,False,Explanation structure (RQ3),Explanatory question,Why,
amar,LSM5Q8IZ,False,Explanation structure (RQ3),Planning level scope,Sequence level,
amar,LSM5Q8IZ,False,Explanation structure (RQ3),Presentation modality,Visualization,
amar,LSM5Q8IZ,False,Explanation structure (RQ3),Presentation modality,Text,
amar,LSM5Q8IZ,False,Stakeholder (RQ4),HRI Type,Human supervision,
amar,LSM5Q8IZ,False,Stakeholder (RQ4),Motivation,Failure handling,
amar,LSM5Q8IZ,False,Stakeholder (RQ4),Stakeholder type,Developer,
amar,LSM5Q8IZ,False,Evaluation (RQ5),State of explainability,Evaluated,
amar,LSM5Q8IZ,False,Evaluation (RQ5),Type of explainability evaluation,"Technical (Benchmark), Quantitative",
amar,LSM5Q8IZ,False,Evaluation (RQ5),Type of explainability evaluation,"User study, Quantitative",
amar,LSM5Q8IZ,False,Evaluation (RQ5),Evaluation metrics,Satisfaction,
amar,YV5XVI3N,False,General information,Code available?,yes,
amar,YV5XVI3N,False,General information,Project status,unmaintained,
amar,YV5XVI3N,False,General information,License,Underspecified,
amar,YV5XVI3N,False,General information,Additional information,No additional information,
amar,YV5XVI3N,False,Target platform (RQ1),Deployment,Robot simulation,
amar,YV5XVI3N,False,Target platform (RQ1),Robotic device,Mobile platform,
amar,YV5XVI3N,False,Target platform (RQ1),Simulation environment,Gazebo,
amar,YV5XVI3N,False,Target platform (RQ1),Domain,Hospitality and entertainment,
amar,YV5XVI3N,False,Target platform (RQ1),Use case,Navigation,
amar,YV5XVI3N,False,Target platform (RQ1),Location,Laboratory,
amar,YV5XVI3N,False,Target platform (RQ1),Multi Agent System,"No, i.e. one human - one robot",
amar,YV5XVI3N,False,Software characteristics (RQ2),Middleware,ROS1,
amar,YV5XVI3N,False,Software characteristics (RQ2),Control algorithm,BT,
amar,YV5XVI3N,False,Software characteristics (RQ2),Adaptation,"Yes, with user involvement",
amar,YV5XVI3N,False,Software characteristics (RQ2),Goal of adaptation,Other: environment modification / path recovery / deviation reduction,Other
amar,YV5XVI3N,False,Explanation structure (RQ3),Intrinsic vs. post-hoc,Post-hoc,
amar,YV5XVI3N,False,Explanation structure (RQ3),Generation technique,LIME-based,
amar,YV5XVI3N,False,Explanation structure (RQ3),Explained robot part,Behaviour,
amar,YV5XVI3N,False,Explanation structure (RQ3),Explanatory question,Why,
amar,YV5XVI3N,False,Explanation structure (RQ3),Planning level scope,Sequence level,
amar,YV5XVI3N,False,Explanation structure (RQ3),Presentation modality,Visualization,
amar,YV5XVI3N,False,Explanation structure (RQ3),Presentation modality,Text,
amar,YV5XVI3N,False,Stakeholder (RQ4),HRI Type,Coexistence,
amar,YV5XVI3N,False,Stakeholder (RQ4),Motivation,Trust (increase),
amar,YV5XVI3N,False,Stakeholder (RQ4),Stakeholder type,Operator / End user (non-expert),
amar,YV5XVI3N,False,Evaluation (RQ5),State of explainability,Evaluated,
amar,YV5XVI3N,False,Evaluation (RQ5),Type of explainability evaluation,"Technical (Benchmark), Quantitative",
amar,YV5XVI3N,False,Evaluation (RQ5),Type of explainability evaluation,"User study, Quantitative",
amar,YV5XVI3N,False,Evaluation (RQ5),Evaluation metrics,Satisfaction,
amar,S3VKK4ZB,False,General information,Code available?,no,
amar,S3VKK4ZB,False,General information,Project status,Not applicable,
amar,S3VKK4ZB,False,General information,License,Not applicable,
amar,S3VKK4ZB,False,General information,Additional information,No additional information,
amar,S3VKK4ZB,False,Target platform (RQ1),Deployment,Robot simulation,
amar,S3VKK4ZB,False,Target platform (RQ1),Robotic device,Manipulator (unspecified) => Use if not further specified,
amar,S3VKK4ZB,False,Target platform (RQ1),Simulation environment,Webots,
amar,S3VKK4ZB,False,Target platform (RQ1),Domain,Industrial robot,
amar,S3VKK4ZB,False,Target platform (RQ1),Use case,Other: collaborative sorting / human-robot co-manipulation task,Other
amar,S3VKK4ZB,False,Target platform (RQ1),Location,Not applicable,
amar,S3VKK4ZB,False,Target platform (RQ1),Multi Agent System,"No, i.e. one human - one robot",
amar,S3VKK4ZB,False,Software characteristics (RQ2),Middleware,Not applicable,
amar,S3VKK4ZB,False,Software characteristics (RQ2),Control algorithm,Other: rule-based,Other
amar,S3VKK4ZB,False,Software characteristics (RQ2),Adaptation,"Yes, with user involvement",
amar,S3VKK4ZB,False,Software characteristics (RQ2),Goal of adaptation,Other: task performance improvement / error handling in collaboration,Other
amar,S3VKK4ZB,False,Explanation structure (RQ3),Intrinsic vs. post-hoc,Post-hoc,
amar,S3VKK4ZB,False,Explanation structure (RQ3),Generation technique,Rule-based,
amar,S3VKK4ZB,False,Explanation structure (RQ3),Explained robot part,Behaviour,
amar,S3VKK4ZB,False,Explanation structure (RQ3),Explanatory question,What,
amar,S3VKK4ZB,False,Explanation structure (RQ3),Explanatory question,Why,
amar,S3VKK4ZB,False,Explanation structure (RQ3),Planning level scope,Action level,
amar,S3VKK4ZB,False,Explanation structure (RQ3),Presentation modality,Text,
amar,S3VKK4ZB,False,Explanation structure (RQ3),Presentation modality,Visualization,
amar,S3VKK4ZB,False,Stakeholder (RQ4),HRI Type,Collaboration,
amar,S3VKK4ZB,False,Stakeholder (RQ4),Motivation,Trust (unspecified),
amar,S3VKK4ZB,False,Stakeholder (RQ4),Stakeholder type,Operator / End user (non-expert),
amar,S3VKK4ZB,False,Evaluation (RQ5),State of explainability,Evaluated,
amar,S3VKK4ZB,False,Evaluation (RQ5),Type of explainability evaluation,"User study, Quantitative",
amar,S3VKK4ZB,False,Evaluation (RQ5),Evaluation metrics,"Other: Task performance, cognitive load,  trust",Other
amar,ABK72RJG,False,General information,Code available?,no,
amar,ABK72RJG,False,General information,Project status,Not applicable,
amar,ABK72RJG,False,General information,License,Not applicable,
amar,ABK72RJG,False,General information,Additional information,No additional information,
amar,ABK72RJG,False,Target platform (RQ1),Deployment,Robot simulation,
amar,ABK72RJG,False,Target platform (RQ1),Robotic device,Mobile manipulator,
amar,ABK72RJG,False,Target platform (RQ1),Simulation environment,Gazebo,
amar,ABK72RJG,False,Target platform (RQ1),Domain,Hospitality and entertainment,
amar,ABK72RJG,False,Target platform (RQ1),Use case,Navigation,
amar,ABK72RJG,False,Target platform (RQ1),Location,Laboratory,
amar,ABK72RJG,False,Target platform (RQ1),Multi Agent System,"No, i.e. one human - one robot",
amar,ABK72RJG,False,Software characteristics (RQ2),Middleware,ROS1,
amar,ABK72RJG,False,Software characteristics (RQ2),Control algorithm,Other: TEB,Other
amar,ABK72RJG,False,Software characteristics (RQ2),Adaptation,"Yes, autonomous adaptation",
amar,ABK72RJG,False,Software characteristics (RQ2),Goal of adaptation,Self configuration,
amar,ABK72RJG,False,Explanation structure (RQ3),Intrinsic vs. post-hoc,Post-hoc,
amar,ABK72RJG,False,Explanation structure (RQ3),Generation technique,LIME-based,
amar,ABK72RJG,False,Explanation structure (RQ3),Explained robot part,Behaviour,
amar,ABK72RJG,False,Explanation structure (RQ3),Explanatory question,Why,
amar,ABK72RJG,False,Explanation structure (RQ3),Planning level scope,Sequence level,
amar,ABK72RJG,False,Explanation structure (RQ3),Presentation modality,Visualization,
amar,ABK72RJG,False,Explanation structure (RQ3),Presentation modality,Text,
amar,ABK72RJG,False,Stakeholder (RQ4),HRI Type,Coexistence,
amar,ABK72RJG,False,Stakeholder (RQ4),Motivation,Transparency,
amar,ABK72RJG,False,Stakeholder (RQ4),Motivation,Trust (increase),
amar,ABK72RJG,False,Stakeholder (RQ4),Stakeholder type,Operator / End user (non-expert),
amar,ABK72RJG,False,Evaluation (RQ5),State of explainability,Evaluated,
amar,ABK72RJG,False,Evaluation (RQ5),Type of explainability evaluation,"Technical (Benchmark), Quantitative",
amar,ABK72RJG,False,Evaluation (RQ5),Evaluation metrics,"Other: Runtime, explanation frequency;",Other
amar,6V4UHZ92,False,General information,Code available?,no,
amar,6V4UHZ92,False,General information,Project status,Not applicable,
amar,6V4UHZ92,False,General information,License,Not applicable,
amar,6V4UHZ92,False,General information,Additional information,No additional information,
amar,6V4UHZ92,False,Target platform (RQ1),Deployment,Other simulation,
amar,6V4UHZ92,False,Target platform (RQ1),Robotic device,Not applicable => Use if there is no specific robot mentioned,
amar,6V4UHZ92,False,Target platform (RQ1),Simulation environment,Other: planning simulation / abstract planning system,Other
amar,6V4UHZ92,False,Target platform (RQ1),Domain,Other: planning simulation / abstract planning system,Other
amar,6V4UHZ92,False,Target platform (RQ1),Use case,Other: planning simulation / abstract planning system,Other
amar,6V4UHZ92,False,Target platform (RQ1),Location,Not applicable,
amar,6V4UHZ92,False,Target platform (RQ1),Multi Agent System,"No, i.e. one human - one robot",
amar,6V4UHZ92,False,Software characteristics (RQ2),Middleware,Not applicable,
amar,6V4UHZ92,False,Software characteristics (RQ2),Control algorithm,PDDL,
amar,6V4UHZ92,False,Software characteristics (RQ2),Adaptation,"Yes, with user involvement",
amar,6V4UHZ92,False,Software characteristics (RQ2),Goal of adaptation,Other: planning simulation / abstract planning system,Other
amar,6V4UHZ92,False,Explanation structure (RQ3),Intrinsic vs. post-hoc,Post-hoc,
amar,6V4UHZ92,False,Explanation structure (RQ3),Generation technique,Other: Contrastive + non-contrastive explanations based on planning constraints and model restrictions,Other
amar,6V4UHZ92,False,Explanation structure (RQ3),Explained robot part,Behaviour,
amar,6V4UHZ92,False,Explanation structure (RQ3),Explanatory question,Why,
amar,6V4UHZ92,False,Explanation structure (RQ3),Planning level scope,Sequence level,
amar,6V4UHZ92,False,Explanation structure (RQ3),Presentation modality,Text,
amar,6V4UHZ92,False,Stakeholder (RQ4),HRI Type,Human supervision,
amar,6V4UHZ92,False,Stakeholder (RQ4),Motivation,Other: AI Planning systems are used... to create a sequence of actions known as a plan,Other
amar,6V4UHZ92,False,Stakeholder (RQ4),Stakeholder type,Operator / End user (non-expert),
amar,6V4UHZ92,False,Evaluation (RQ5),State of explainability,Evaluated,
amar,6V4UHZ92,False,Evaluation (RQ5),Type of explainability evaluation,"User study, Quantitative",
amar,6V4UHZ92,False,Evaluation (RQ5),Evaluation metrics,Other: Permissibility,Other
amar,JKPF5RC9,False,General information,Code available?,yes,
amar,JKPF5RC9,False,General information,Project status,unmaintained,
amar,JKPF5RC9,False,General information,License,Underspecified,
amar,JKPF5RC9,False,General information,Additional information,No additional information,
amar,JKPF5RC9,False,Target platform (RQ1),Deployment,Robot simulation,
amar,JKPF5RC9,False,Target platform (RQ1),Robotic device,Mobile manipulator,
amar,JKPF5RC9,False,Target platform (RQ1),Simulation environment,Gazebo,
amar,JKPF5RC9,False,Target platform (RQ1),Domain,Industrial robot,
amar,JKPF5RC9,False,Target platform (RQ1),Use case,Manipulation,
amar,JKPF5RC9,False,Target platform (RQ1),Location,Not applicable,
amar,JKPF5RC9,False,Target platform (RQ1),Multi Agent System,Multiple humans - multiple robots,
amar,JKPF5RC9,False,Software characteristics (RQ2),Middleware,Underspecified,
amar,JKPF5RC9,False,Software characteristics (RQ2),Control algorithm,PDDL,
amar,JKPF5RC9,False,Software characteristics (RQ2),Adaptation,"Yes, autonomous adaptation",
amar,JKPF5RC9,False,Software characteristics (RQ2),Goal of adaptation,Self healing,
amar,JKPF5RC9,False,Explanation structure (RQ3),Intrinsic vs. post-hoc,Post-hoc,
amar,JKPF5RC9,False,Explanation structure (RQ3),Generation technique,Other: Model-based diagnosis + planning-based explanation,Other
amar,JKPF5RC9,False,Explanation structure (RQ3),Explained robot part,Behaviour,
amar,JKPF5RC9,False,Explanation structure (RQ3),Explanatory question,Why,
amar,JKPF5RC9,False,Explanation structure (RQ3),Planning level scope,Sequence level,
amar,JKPF5RC9,False,Explanation structure (RQ3),Presentation modality,Underspecified,
amar,JKPF5RC9,False,Stakeholder (RQ4),HRI Type,Human supervision,
amar,JKPF5RC9,False,Stakeholder (RQ4),Motivation,Failure handling,
amar,JKPF5RC9,False,Stakeholder (RQ4),Stakeholder type,Developer,
amar,JKPF5RC9,False,Evaluation (RQ5),State of explainability,Evaluated,
amar,JKPF5RC9,False,Evaluation (RQ5),Type of explainability evaluation,"Technical (Benchmark), Quantitative",
amar,JKPF5RC9,False,Evaluation (RQ5),Evaluation metrics,Other: Number of plans / failed plans; Diagnosis success rate; Repairs / disabled robots; Team performance (game score);,Other
amar,KR7S5PCM,False,General information,Code available?,no,
amar,KR7S5PCM,False,General information,Project status,Not applicable,
amar,KR7S5PCM,False,General information,License,Not applicable,
amar,KR7S5PCM,False,General information,Additional information,No additional information,
amar,KR7S5PCM,False,Target platform (RQ1),Deployment,Real robot,
amar,KR7S5PCM,False,Target platform (RQ1),Deployment,Robot simulation,
amar,KR7S5PCM,False,Target platform (RQ1),Robotic device,Mobile platform,
amar,KR7S5PCM,False,Target platform (RQ1),Simulation environment,Other: dataset-based,Other
amar,KR7S5PCM,False,Target platform (RQ1),Domain,Underspecified,
amar,KR7S5PCM,False,Target platform (RQ1),Use case,Other,Other
amar,KR7S5PCM,False,Target platform (RQ1),Use case,Navigation,
amar,KR7S5PCM,False,Target platform (RQ1),Location,Field,
amar,KR7S5PCM,False,Target platform (RQ1),Multi Agent System,Underspecified,
amar,KR7S5PCM,False,Software characteristics (RQ2),Middleware,ROS1,
amar,KR7S5PCM,False,Software characteristics (RQ2),Control algorithm,Other: SVM,Other
amar,KR7S5PCM,False,Software characteristics (RQ2),Adaptation,"Yes, autonomous adaptation",
amar,KR7S5PCM,False,Software characteristics (RQ2),Goal of adaptation,Continuous learning,
amar,KR7S5PCM,False,Explanation structure (RQ3),Intrinsic vs. post-hoc,Intrinsic,
amar,KR7S5PCM,False,Explanation structure (RQ3),Generation technique,Rule-based,
amar,KR7S5PCM,False,Explanation structure (RQ3),Explained robot part,Perception,
amar,KR7S5PCM,False,Explanation structure (RQ3),Explanatory question,Why,
amar,KR7S5PCM,False,Explanation structure (RQ3),Explanatory question,How,
amar,KR7S5PCM,False,Explanation structure (RQ3),Planning level scope,Action level,
amar,KR7S5PCM,False,Explanation structure (RQ3),Presentation modality,Other: rules,Other
amar,KR7S5PCM,False,Stakeholder (RQ4),HRI Type,No coexistence,
amar,KR7S5PCM,False,Stakeholder (RQ4),Motivation,"Other: adaptability, efficiency",Other
amar,KR7S5PCM,False,Stakeholder (RQ4),Stakeholder type,Developer,
amar,KR7S5PCM,False,Evaluation (RQ5),State of explainability,Evaluated,
amar,KR7S5PCM,False,Evaluation (RQ5),Type of explainability evaluation,"Technical (Benchmark), Quantitative",
amar,KR7S5PCM,False,Evaluation (RQ5),Evaluation metrics,Other: Sensitivity; Specificity; Accuracy; Processing time;,Other
amar,W8RQSWYJ,False,General information,Code available?,no,
amar,W8RQSWYJ,False,General information,Project status,Not applicable,
amar,W8RQSWYJ,False,General information,License,Not applicable,
amar,W8RQSWYJ,False,General information,Additional information,No additional information,
amar,W8RQSWYJ,False,Target platform (RQ1),Deployment,Other simulation,
amar,W8RQSWYJ,False,Target platform (RQ1),Robotic device,Mobile platform,
amar,W8RQSWYJ,False,Target platform (RQ1),Simulation environment,Underspecified,
amar,W8RQSWYJ,False,Target platform (RQ1),Domain,Other: autonomous driving; off-road navigation;,Other
amar,W8RQSWYJ,False,Target platform (RQ1),Use case,Navigation,
amar,W8RQSWYJ,False,Target platform (RQ1),Location,Field,
amar,W8RQSWYJ,False,Target platform (RQ1),Multi Agent System,"No, i.e. one human - one robot",
amar,W8RQSWYJ,False,Software characteristics (RQ2),Middleware,Not applicable,
amar,W8RQSWYJ,False,Software characteristics (RQ2),Control algorithm,Other: Shorter path-planning + inverse optimization,Other
amar,W8RQSWYJ,False,Software characteristics (RQ2),Adaptation,"Yes, with user involvement",
amar,W8RQSWYJ,False,Software characteristics (RQ2),Goal of adaptation,Other: improving understanding / explainability of planning decisions,Other
amar,W8RQSWYJ,False,Explanation structure (RQ3),Intrinsic vs. post-hoc,Post-hoc,
amar,W8RQSWYJ,False,Explanation structure (RQ3),Generation technique,"Other: Contrastive explanation via Inverse Shortest Path (ISP)
",Other
amar,W8RQSWYJ,False,Explanation structure (RQ3),Explained robot part,Behaviour,
amar,W8RQSWYJ,False,Explanation structure (RQ3),Explanatory question,Why,
amar,W8RQSWYJ,False,Explanation structure (RQ3),Planning level scope,Sequence level,
amar,W8RQSWYJ,False,Explanation structure (RQ3),Presentation modality,Text,
amar,W8RQSWYJ,False,Explanation structure (RQ3),Presentation modality,Visualization,
amar,W8RQSWYJ,False,Stakeholder (RQ4),HRI Type,Human supervision,
amar,W8RQSWYJ,False,Stakeholder (RQ4),Motivation,Trust (unspecified),
amar,W8RQSWYJ,False,Stakeholder (RQ4),Stakeholder type,Domain expert,
amar,W8RQSWYJ,False,Evaluation (RQ5),State of explainability,Evaluated,
amar,W8RQSWYJ,False,Evaluation (RQ5),Type of explainability evaluation,"Technical (Benchmark), Quantitative",
amar,W8RQSWYJ,False,Evaluation (RQ5),Type of explainability evaluation,"User study, Quantitative",
amar,W8RQSWYJ,False,Evaluation (RQ5),Evaluation metrics,Satisfaction,
amar,W8RQSWYJ,False,Evaluation (RQ5),Evaluation metrics,Understandability,
amar,W8RQSWYJ,False,Evaluation (RQ5),Evaluation metrics,Other: Runtime,Other
amar,N2DA3YF2,False,General information,Code available?,no,
amar,N2DA3YF2,False,General information,Project status,Not applicable,
amar,N2DA3YF2,False,General information,License,Not applicable,
amar,N2DA3YF2,False,General information,Additional information,No additional information,
amar,N2DA3YF2,False,Target platform (RQ1),Deployment,Real robot,
amar,N2DA3YF2,False,Target platform (RQ1),Deployment,Robot simulation,
amar,N2DA3YF2,False,Target platform (RQ1),Robotic device,Manipulator (unspecified) => Use if not further specified,
amar,N2DA3YF2,False,Target platform (RQ1),Simulation environment,Underspecified,
amar,N2DA3YF2,False,Target platform (RQ1),Domain,Underspecified,
amar,N2DA3YF2,False,Target platform (RQ1),Use case,Manipulation,
amar,N2DA3YF2,False,Target platform (RQ1),Location,Laboratory,
amar,N2DA3YF2,False,Target platform (RQ1),Multi Agent System,"No, i.e. one human - one robot",
amar,N2DA3YF2,False,Software characteristics (RQ2),Middleware,Underspecified,
amar,N2DA3YF2,False,Software characteristics (RQ2),Control algorithm,DL-Based,
amar,N2DA3YF2,False,Software characteristics (RQ2),Adaptation,"Yes, with user involvement",
amar,N2DA3YF2,False,Software characteristics (RQ2),Goal of adaptation,Other: Improve transparency / understanding / decision-making explanations,Other
amar,N2DA3YF2,False,Explanation structure (RQ3),Intrinsic vs. post-hoc,Intrinsic,
amar,N2DA3YF2,False,Explanation structure (RQ3),Generation technique,Other: Symbolic reasoning,Other
amar,N2DA3YF2,False,Explanation structure (RQ3),Explained robot part,Behaviour,
amar,N2DA3YF2,False,Explanation structure (RQ3),Explanatory question,Why,
amar,N2DA3YF2,False,Explanation structure (RQ3),Planning level scope,Sequence level,
amar,N2DA3YF2,False,Explanation structure (RQ3),Presentation modality,Text,
amar,N2DA3YF2,False,Stakeholder (RQ4),HRI Type,Human supervision,
amar,N2DA3YF2,False,Stakeholder (RQ4),HRI Type,Collaboration,
amar,N2DA3YF2,False,Stakeholder (RQ4),Motivation,Trust (unspecified),
amar,N2DA3YF2,False,Stakeholder (RQ4),Motivation,Transparency,
amar,N2DA3YF2,False,Stakeholder (RQ4),Motivation,Debugging,
amar,N2DA3YF2,False,Stakeholder (RQ4),Motivation,Collaboration,
amar,N2DA3YF2,False,Stakeholder (RQ4),Stakeholder type,Developer,
amar,N2DA3YF2,False,Stakeholder (RQ4),Stakeholder type,Operator / End user (non-expert),
amar,N2DA3YF2,False,Evaluation (RQ5),State of explainability,Evaluated,
amar,N2DA3YF2,False,Evaluation (RQ5),Type of explainability evaluation,"Technical (Benchmark), Quantitative",
amar,N2DA3YF2,False,Evaluation (RQ5),Evaluation metrics,Other: Precision / recall of explanations; Plan optimality (optimal / sub-optimal / incorrect); Planning time;,Other
amar,VAYQGAKC,False,General information,Code available?,no,
amar,VAYQGAKC,False,General information,Project status,Not applicable,
amar,VAYQGAKC,False,General information,License,Not applicable,
amar,VAYQGAKC,False,General information,Additional information,No additional information,
amar,VAYQGAKC,False,Target platform (RQ1),Deployment,Robot simulation,
amar,VAYQGAKC,False,Target platform (RQ1),Robotic device,Manipulator (unspecified) => Use if not further specified,
amar,VAYQGAKC,False,Target platform (RQ1),Simulation environment,Gazebo,
amar,VAYQGAKC,False,Target platform (RQ1),Domain,Underspecified,
amar,VAYQGAKC,False,Target platform (RQ1),Use case,Not applicable,
amar,VAYQGAKC,False,Target platform (RQ1),Use case,Manipulation,
amar,VAYQGAKC,False,Target platform (RQ1),Location,Not applicable,
amar,VAYQGAKC,False,Target platform (RQ1),Multi Agent System,"No, i.e. one human - one robot",
amar,VAYQGAKC,False,Software characteristics (RQ2),Middleware,ROS1,
amar,VAYQGAKC,False,Software characteristics (RQ2),Control algorithm,Other: Optimization-based motion planning (STOMP) + FastDiag (diagnosis algorithm),Other
amar,VAYQGAKC,False,Software characteristics (RQ2),Adaptation,"Yes, with user involvement",
amar,VAYQGAKC,False,Software characteristics (RQ2),Goal of adaptation,Self healing,
amar,VAYQGAKC,False,Explanation structure (RQ3),Intrinsic vs. post-hoc,Post-hoc,
amar,VAYQGAKC,False,Explanation structure (RQ3),Generation technique,Other: Constraint-based diagnosis (FastDiag / minimal conflict sets),Other
amar,VAYQGAKC,False,Explanation structure (RQ3),Explained robot part,Behaviour,
amar,VAYQGAKC,False,Explanation structure (RQ3),Explanatory question,Why,
amar,VAYQGAKC,False,Explanation structure (RQ3),Planning level scope,Sequence level,
amar,VAYQGAKC,False,Explanation structure (RQ3),Presentation modality,Text,
amar,VAYQGAKC,False,Stakeholder (RQ4),HRI Type,Human supervision,
amar,VAYQGAKC,False,Stakeholder (RQ4),Motivation,Transparency,
amar,VAYQGAKC,False,Stakeholder (RQ4),Motivation,Debugging,
amar,VAYQGAKC,False,Stakeholder (RQ4),Motivation,Failure handling,
amar,VAYQGAKC,False,Stakeholder (RQ4),Stakeholder type,Domain expert,
amar,VAYQGAKC,False,Stakeholder (RQ4),Stakeholder type,Developer,
amar,VAYQGAKC,False,Evaluation (RQ5),State of explainability,Evaluated,
amar,VAYQGAKC,False,Evaluation (RQ5),Type of explainability evaluation,"Technical (Benchmark), Quantitative",
amar,VAYQGAKC,False,Evaluation (RQ5),Evaluation metrics,Other: Runtime (seconds); Scalability w.r.t. constraints/conflicts; Number of diagnoses;,Other
amar,HU35SZHX,False,General information,Code available?,no,
amar,HU35SZHX,False,General information,Project status,Not applicable,
amar,HU35SZHX,False,General information,License,Not applicable,
amar,HU35SZHX,False,General information,Additional information,No additional information,
amar,HU35SZHX,False,Target platform (RQ1),Deployment,Real robot,
amar,HU35SZHX,False,Target platform (RQ1),Deployment,Robot simulation,
amar,HU35SZHX,False,Target platform (RQ1),Robotic device,Mobile platform,
amar,HU35SZHX,False,Target platform (RQ1),Simulation environment,Underspecified,
amar,HU35SZHX,False,Target platform (RQ1),Domain,Other: Performance evaluation of autonomous systems (general robotics/UAS),Other
amar,HU35SZHX,False,Target platform (RQ1),Use case,Navigation,
amar,HU35SZHX,False,Target platform (RQ1),Location,Field,
amar,HU35SZHX,False,Target platform (RQ1),Multi Agent System,Underspecified,
amar,HU35SZHX,False,Software characteristics (RQ2),Middleware,Underspecified,
amar,HU35SZHX,False,Software characteristics (RQ2),Control algorithm,Other: PSO,Other
amar,HU35SZHX,False,Software characteristics (RQ2),Adaptation,"Yes, autonomous adaptation",
amar,HU35SZHX,False,Software characteristics (RQ2),Goal of adaptation,Self configuration,
amar,HU35SZHX,False,Explanation structure (RQ3),Intrinsic vs. post-hoc,Post-hoc,
amar,HU35SZHX,False,Explanation structure (RQ3),Generation technique,SHAP-based,
amar,HU35SZHX,False,Explanation structure (RQ3),Generation technique,LIME-based,
amar,HU35SZHX,False,Explanation structure (RQ3),Explained robot part,Behaviour,
amar,HU35SZHX,False,Explanation structure (RQ3),Explanatory question,Why,
amar,HU35SZHX,False,Explanation structure (RQ3),Explanatory question,How,
amar,HU35SZHX,False,Explanation structure (RQ3),Planning level scope,Policy level,
amar,HU35SZHX,False,Explanation structure (RQ3),Presentation modality,Plot,
amar,HU35SZHX,False,Explanation structure (RQ3),Presentation modality,Visualization,
amar,HU35SZHX,False,Stakeholder (RQ4),HRI Type,No coexistence,
amar,HU35SZHX,False,Stakeholder (RQ4),Motivation,Trust (unspecified),
amar,HU35SZHX,False,Stakeholder (RQ4),Motivation,Transparency,
amar,HU35SZHX,False,Stakeholder (RQ4),Stakeholder type,Developer,
amar,HU35SZHX,False,Evaluation (RQ5),State of explainability,Evaluated,
amar,HU35SZHX,False,Evaluation (RQ5),Type of explainability evaluation,"Technical (Benchmark), Quantitative",
amar,HU35SZHX,False,Evaluation (RQ5),Evaluation metrics,Other: Standard deviation (stability improvement); Weight distributions; Feature impact consistency across methods;,Other
amar,KPIFEFAT,False,General information,Code available?,no,
amar,KPIFEFAT,False,General information,Project status,Not applicable,
amar,KPIFEFAT,False,General information,License,Not applicable,
amar,KPIFEFAT,False,General information,Additional information,No additional information,
amar,KPIFEFAT,False,Target platform (RQ1),Deployment,Robot simulation,
amar,KPIFEFAT,False,Target platform (RQ1),Robotic device,Mobile robot (unspecified) => Use if not further specified,
amar,KPIFEFAT,False,Target platform (RQ1),Simulation environment,Other: Custom simulated search-and-rescue domain,Other
amar,KPIFEFAT,False,Target platform (RQ1),Domain,Emergency response,
amar,KPIFEFAT,False,Target platform (RQ1),Use case,Manipulation,
amar,KPIFEFAT,False,Target platform (RQ1),Location,Not applicable,
amar,KPIFEFAT,False,Target platform (RQ1),Multi Agent System,One human - multiple robots,
amar,KPIFEFAT,False,Software characteristics (RQ2),Middleware,Underspecified,
amar,KPIFEFAT,False,Software characteristics (RQ2),Control algorithm,Other: Multi-agent planning (ITAGS-based task allocation + scheduling + motion planning),Other
amar,KPIFEFAT,False,Software characteristics (RQ2),Adaptation,"Yes, with user involvement",
amar,KPIFEFAT,False,Software characteristics (RQ2),Goal of adaptation,Other: Improve model correctness / debugging / human understanding,Other
amar,KPIFEFAT,False,Explanation structure (RQ3),Intrinsic vs. post-hoc,Post-hoc,
amar,KPIFEFAT,False,Explanation structure (RQ3),Generation technique,"Other: Contrastive explanations (foil-based, model-based + natural language)",Other
amar,KPIFEFAT,False,Explanation structure (RQ3),Explained robot part,Behaviour,
amar,KPIFEFAT,False,Explanation structure (RQ3),Explanatory question,Why,
amar,KPIFEFAT,False,Explanation structure (RQ3),Planning level scope,Sequence level,
amar,KPIFEFAT,False,Explanation structure (RQ3),Presentation modality,Visualization,
amar,KPIFEFAT,False,Explanation structure (RQ3),Presentation modality,Text,
amar,KPIFEFAT,False,Stakeholder (RQ4),HRI Type,Collaboration,
amar,KPIFEFAT,False,Stakeholder (RQ4),Motivation,User understanding,
amar,KPIFEFAT,False,Stakeholder (RQ4),Stakeholder type,Operator / End user (non-expert),
amar,KPIFEFAT,False,Evaluation (RQ5),State of explainability,Evaluated,
amar,KPIFEFAT,False,Evaluation (RQ5),Type of explainability evaluation,"User study, Quantitative",
amar,KPIFEFAT,False,Evaluation (RQ5),Evaluation metrics,"Other: Error detection accuracy (IDP, IDA); Remaining errors (RTE%, TRE%, RSE%); User efficiency (UE);",Other
amar,SH73SS5J,False,General information,Code available?,no,
amar,SH73SS5J,False,General information,Project status,Not applicable,
amar,SH73SS5J,False,General information,License,Not applicable,
amar,SH73SS5J,False,General information,Additional information,No additional information,
amar,SH73SS5J,False,Target platform (RQ1),Deployment,Real robot,
amar,SH73SS5J,False,Target platform (RQ1),Deployment,Robot simulation,
amar,SH73SS5J,False,Target platform (RQ1),Robotic device,Manipulator (unspecified) => Use if not further specified,
amar,SH73SS5J,False,Target platform (RQ1),Simulation environment,Unity,
amar,SH73SS5J,False,Target platform (RQ1),Domain,Other: Object stacking,Other
amar,SH73SS5J,False,Target platform (RQ1),Use case,Manipulation,
amar,SH73SS5J,False,Target platform (RQ1),Location,Laboratory,
amar,SH73SS5J,False,Target platform (RQ1),Multi Agent System,"No, i.e. one human - one robot",
amar,SH73SS5J,False,Software characteristics (RQ2),Middleware,Underspecified,
amar,SH73SS5J,False,Software characteristics (RQ2),Control algorithm,Other: Causal Bayesian Framework + BFS,Other
amar,SH73SS5J,False,Software characteristics (RQ2),Adaptation,"Yes, autonomous adaptation",
amar,SH73SS5J,False,Software characteristics (RQ2),Goal of adaptation,Other: Failure prevention + improved task success,Other
amar,SH73SS5J,False,Explanation structure (RQ3),Intrinsic vs. post-hoc,Post-hoc,
amar,SH73SS5J,False,Explanation structure (RQ3),Intrinsic vs. post-hoc,Pre-hoc,
amar,SH73SS5J,False,Explanation structure (RQ3),Generation technique,Other: Bayesian Networks,Other
amar,SH73SS5J,False,Explanation structure (RQ3),Explained robot part,Behaviour,
amar,SH73SS5J,False,Explanation structure (RQ3),Explanatory question,Why,
amar,SH73SS5J,False,Explanation structure (RQ3),Planning level scope,Action level,
amar,SH73SS5J,False,Explanation structure (RQ3),Presentation modality,Text,
amar,SH73SS5J,False,Stakeholder (RQ4),HRI Type,Coexistence,
amar,SH73SS5J,False,Stakeholder (RQ4),Motivation,Failure handling,
amar,SH73SS5J,False,Stakeholder (RQ4),Stakeholder type,Developer,
amar,SH73SS5J,False,Evaluation (RQ5),State of explainability,Evaluated,
amar,SH73SS5J,False,Evaluation (RQ5),Type of explainability evaluation,"Technical (Benchmark), Quantitative",
amar,SH73SS5J,False,Evaluation (RQ5),Evaluation metrics,Other: Failure rate reduction; Prediction accuracy;,Other
andi,2CA44YNV,False,General information,Code available?,yes,
andi,2CA44YNV,False,General information,Project status,unmaintained,
andi,2CA44YNV,False,General information,License,MIT,
andi,2CA44YNV,False,General information,Additional information,No additional information,
andi,2CA44YNV,False,Target platform (RQ1),Deployment,Not applicable,
andi,2CA44YNV,False,Target platform (RQ1),Robotic device,Not applicable => Use if there is no specific robot mentioned,
andi,2CA44YNV,False,Target platform (RQ1),Simulation environment,Not applicable,
andi,2CA44YNV,False,Target platform (RQ1),Domain,Underspecified,
andi,2CA44YNV,False,Target platform (RQ1),Use case,Not applicable,
andi,2CA44YNV,False,Target platform (RQ1),Location,Not applicable,
andi,2CA44YNV,False,Target platform (RQ1),Multi Agent System,Not applicable,
andi,2CA44YNV,False,Software characteristics (RQ2),Middleware,Mo Middleware,
andi,2CA44YNV,False,Software characteristics (RQ2),Control algorithm,BT,
andi,2CA44YNV,False,Software characteristics (RQ2),Adaptation,None,
andi,2CA44YNV,False,Software characteristics (RQ2),Goal of adaptation,Not applicable,
andi,2CA44YNV,False,Explanation structure (RQ3),Intrinsic vs. post-hoc,Post-hoc,
andi,2CA44YNV,False,Explanation structure (RQ3),Generation technique,Tree-based,
andi,2CA44YNV,False,Explanation structure (RQ3),Explained robot part,Behaviour,
andi,2CA44YNV,False,Explanation structure (RQ3),Explanatory question,Why,
andi,2CA44YNV,False,Explanation structure (RQ3),Planning level scope,Policy level,
andi,2CA44YNV,False,Explanation structure (RQ3),Presentation modality,Visualization,
andi,2CA44YNV,False,Explanation structure (RQ3),Presentation modality,Logs,
andi,2CA44YNV,False,Stakeholder (RQ4),HRI Type,No coexistence,
andi,2CA44YNV,False,Stakeholder (RQ4),Motivation,Transparency,
andi,2CA44YNV,False,Stakeholder (RQ4),Stakeholder type,Operator / End user (non-expert),
andi,2CA44YNV,False,Evaluation (RQ5),State of explainability,Evaluated,
andi,2CA44YNV,False,Evaluation (RQ5),Type of explainability evaluation,"Technical (Benchmark), Quantitative",
andi,2CA44YNV,False,Evaluation (RQ5),Evaluation metrics,Not applicable,
andi,ANIQULLZ,False,General information,Code available?,no,
andi,ANIQULLZ,False,General information,Project status,Not applicable,
andi,ANIQULLZ,False,General information,License,Not applicable,
andi,ANIQULLZ,False,General information,Additional information,No additional information,
andi,ANIQULLZ,False,Target platform (RQ1),Deployment,Robot simulation,
andi,ANIQULLZ,False,Target platform (RQ1),Robotic device,Drone,
andi,ANIQULLZ,False,Target platform (RQ1),Simulation environment,Other: Custom built,Other
andi,ANIQULLZ,False,Target platform (RQ1),Domain,Underspecified,
andi,ANIQULLZ,False,Target platform (RQ1),Use case,Collision avoidance,
andi,ANIQULLZ,False,Target platform (RQ1),Use case,Other: Dynamic area coverage,Other
andi,ANIQULLZ,False,Target platform (RQ1),Location,Not applicable,
andi,ANIQULLZ,False,Target platform (RQ1),Multi Agent System,One human - multiple robots,
andi,ANIQULLZ,False,Software characteristics (RQ2),Middleware,Mo Middleware,
andi,ANIQULLZ,False,Software characteristics (RQ2),Control algorithm,RL,
andi,ANIQULLZ,False,Software characteristics (RQ2),Adaptation,"Yes, autonomous adaptation",
andi,ANIQULLZ,False,Software characteristics (RQ2),Goal of adaptation,Self configuration,
andi,ANIQULLZ,False,Explanation structure (RQ3),Intrinsic vs. post-hoc,Intrinsic,
andi,ANIQULLZ,False,Explanation structure (RQ3),Generation technique,Discussion needed: the explainability is incorporated by the loss function. This means that this is automatically DL-based as generation technique?,Discussion needed
andi,ANIQULLZ,False,Explanation structure (RQ3),Explained robot part,Behaviour,
andi,ANIQULLZ,False,Explanation structure (RQ3),Explanatory question,Why,
andi,ANIQULLZ,False,Explanation structure (RQ3),Planning level scope,Policy level,
andi,ANIQULLZ,False,Explanation structure (RQ3),Presentation modality,Plot,
andi,ANIQULLZ,False,Stakeholder (RQ4),HRI Type,No coexistence,
andi,ANIQULLZ,False,Stakeholder (RQ4),Motivation,Safety,
andi,ANIQULLZ,False,Stakeholder (RQ4),Motivation,Other: Reliability,Other
andi,ANIQULLZ,False,Stakeholder (RQ4),Stakeholder type,Developer,
andi,ANIQULLZ,False,Evaluation (RQ5),State of explainability,Evaluated,
andi,ANIQULLZ,False,Evaluation (RQ5),Type of explainability evaluation,"Technical (Benchmark), Quantitative",
andi,ANIQULLZ,False,Evaluation (RQ5),Evaluation metrics,Not applicable,
andi,ML9SYPYJ,False,General information,Code available?,no,
andi,ML9SYPYJ,False,General information,Project status,Not applicable,
andi,ML9SYPYJ,False,General information,License,Not applicable,
andi,ML9SYPYJ,False,General information,Additional information,No additional information,
andi,ML9SYPYJ,False,Target platform (RQ1),Deployment,Other simulation,
andi,ML9SYPYJ,False,Target platform (RQ1),Robotic device,Drone,
andi,ML9SYPYJ,False,Target platform (RQ1),Simulation environment,Underspecified,
andi,ML9SYPYJ,False,Target platform (RQ1),Domain,Underspecified,
andi,ML9SYPYJ,False,Target platform (RQ1),Use case,Navigation,
andi,ML9SYPYJ,False,Target platform (RQ1),Location,Not applicable,
andi,ML9SYPYJ,False,Target platform (RQ1),Multi Agent System,One human - multiple robots,
andi,ML9SYPYJ,False,Software characteristics (RQ2),Middleware,Mo Middleware,
andi,ML9SYPYJ,False,Software characteristics (RQ2),Control algorithm,RL,
andi,ML9SYPYJ,False,Software characteristics (RQ2),Adaptation,None,
andi,ML9SYPYJ,False,Software characteristics (RQ2),Goal of adaptation,Not applicable,
andi,ML9SYPYJ,False,Explanation structure (RQ3),Intrinsic vs. post-hoc,Intrinsic,
andi,ML9SYPYJ,False,Explanation structure (RQ3),Generation technique,MDP-based,
andi,ML9SYPYJ,False,Explanation structure (RQ3),Explained robot part,Behaviour,
andi,ML9SYPYJ,False,Explanation structure (RQ3),Explanatory question,How,
andi,ML9SYPYJ,False,Explanation structure (RQ3),Planning level scope,Policy level,
andi,ML9SYPYJ,False,Explanation structure (RQ3),Presentation modality,Plot,
andi,ML9SYPYJ,False,Stakeholder (RQ4),HRI Type,No coexistence,
andi,ML9SYPYJ,False,Stakeholder (RQ4),Motivation,Underspecified,
andi,ML9SYPYJ,False,Stakeholder (RQ4),Stakeholder type,Operator / End user (non-expert),
andi,ML9SYPYJ,False,Evaluation (RQ5),State of explainability,Implementation,
andi,ML9SYPYJ,False,Evaluation (RQ5),Type of explainability evaluation,None,
andi,ML9SYPYJ,False,Evaluation (RQ5),Evaluation metrics,Not applicable,
andi,T8GH8CT9,False,General information,Code available?,no,
andi,T8GH8CT9,False,General information,Project status,Not applicable,
andi,T8GH8CT9,False,General information,License,Not applicable,
andi,T8GH8CT9,False,General information,Additional information,Other: The introduce two metrics for quantifying explainability. One for local and one for global metrics,Other
andi,T8GH8CT9,False,Target platform (RQ1),Deployment,Robot recording,
andi,T8GH8CT9,False,Target platform (RQ1),Robotic device,Other: 3DOF-Gripper,Other
andi,T8GH8CT9,False,Target platform (RQ1),Simulation environment,Gazebo,
andi,T8GH8CT9,False,Target platform (RQ1),Domain,Underspecified,
andi,T8GH8CT9,False,Target platform (RQ1),Use case,Manipulation,
andi,T8GH8CT9,False,Target platform (RQ1),Location,Not applicable,
andi,T8GH8CT9,False,Target platform (RQ1),Multi Agent System,"No, i.e. one human - one robot",
andi,T8GH8CT9,False,Software characteristics (RQ2),Middleware,ROS1,
andi,T8GH8CT9,False,Software characteristics (RQ2),Control algorithm,Not applicable,
andi,T8GH8CT9,False,Software characteristics (RQ2),Adaptation,None,
andi,T8GH8CT9,False,Software characteristics (RQ2),Goal of adaptation,Not applicable,
andi,T8GH8CT9,False,Explanation structure (RQ3),Intrinsic vs. post-hoc,Pre-hoc,
andi,T8GH8CT9,False,Explanation structure (RQ3),Generation technique,Other: neighborhood information and the Jensen–Shannon divergence,Other
andi,T8GH8CT9,False,Explanation structure (RQ3),Explained robot part,Behaviour,
andi,T8GH8CT9,False,Explanation structure (RQ3),Explanatory question,Underspecified,
andi,T8GH8CT9,False,Explanation structure (RQ3),Planning level scope,Action level,
andi,T8GH8CT9,False,Explanation structure (RQ3),Planning level scope,Policy level,
andi,T8GH8CT9,False,Explanation structure (RQ3),Presentation modality,Plot,
andi,T8GH8CT9,False,Stakeholder (RQ4),HRI Type,No coexistence,
andi,T8GH8CT9,False,Stakeholder (RQ4),Motivation,Transparency,
andi,T8GH8CT9,False,Stakeholder (RQ4),Stakeholder type,Underspecified,
andi,T8GH8CT9,False,Evaluation (RQ5),State of explainability,Evaluated,
andi,T8GH8CT9,False,Evaluation (RQ5),Type of explainability evaluation,"Technical (Benchmark), Quantitative",
andi,T8GH8CT9,False,Evaluation (RQ5),Evaluation metrics,Not applicable,
andi,INIMDV75,False,General information,Code available?,no,
andi,INIMDV75,False,General information,Project status,Not applicable,
andi,INIMDV75,False,General information,License,Not applicable,
andi,INIMDV75,False,General information,Additional information,No additional information,
andi,INIMDV75,False,Target platform (RQ1),Deployment,Other simulation,
andi,INIMDV75,False,Target platform (RQ1),Robotic device,Drone,
andi,INIMDV75,False,Target platform (RQ1),Simulation environment,Other: JSBSim,Other
andi,INIMDV75,False,Target platform (RQ1),Domain,Defense and security,
andi,INIMDV75,False,Target platform (RQ1),Use case,Navigation,
andi,INIMDV75,False,Target platform (RQ1),Location,Not applicable,
andi,INIMDV75,False,Target platform (RQ1),Multi Agent System,"No, i.e. one human - one robot",
andi,INIMDV75,False,Software characteristics (RQ2),Middleware,Mo Middleware,
andi,INIMDV75,False,Software characteristics (RQ2),Control algorithm,RL,
andi,INIMDV75,False,Software characteristics (RQ2),Adaptation,None,
andi,INIMDV75,False,Software characteristics (RQ2),Goal of adaptation,Not applicable,
andi,INIMDV75,False,Explanation structure (RQ3),Intrinsic vs. post-hoc,Post-hoc,
andi,INIMDV75,False,Explanation structure (RQ3),Generation technique,SHAP-based,
andi,INIMDV75,False,Explanation structure (RQ3),Explained robot part,Behaviour,
andi,INIMDV75,False,Explanation structure (RQ3),Explanatory question,Why,
andi,INIMDV75,False,Explanation structure (RQ3),Explanatory question,How,
andi,INIMDV75,False,Explanation structure (RQ3),Planning level scope,Policy level,
andi,INIMDV75,False,Explanation structure (RQ3),Planning level scope,Action level,
andi,INIMDV75,False,Explanation structure (RQ3),Presentation modality,Plot,
andi,INIMDV75,False,Stakeholder (RQ4),HRI Type,No coexistence,
andi,INIMDV75,False,Stakeholder (RQ4),Motivation,Underspecified,
andi,INIMDV75,False,Stakeholder (RQ4),Stakeholder type,Underspecified,
andi,INIMDV75,False,Evaluation (RQ5),State of explainability,Evaluated,
andi,INIMDV75,False,Evaluation (RQ5),Type of explainability evaluation,"Technical (Benchmark), Quantitative",
andi,INIMDV75,False,Evaluation (RQ5),Evaluation metrics,Not applicable,
andi,Y7DUD2MK,False,General information,Code available?,Discussion needed: Data will be made available on request. Do we have to test that or is that equal to code not available,Discussion needed
andi,Y7DUD2MK,False,General information,Project status,Not applicable,
andi,Y7DUD2MK,False,General information,License,Not applicable,
andi,Y7DUD2MK,False,General information,Additional information,No additional information,
andi,Y7DUD2MK,False,Target platform (RQ1),Deployment,Robot recording,
andi,Y7DUD2MK,False,Target platform (RQ1),Robotic device,Drone,
andi,Y7DUD2MK,False,Target platform (RQ1),Simulation environment,Not applicable,
andi,Y7DUD2MK,False,Target platform (RQ1),Domain,Underspecified,
andi,Y7DUD2MK,False,Target platform (RQ1),Use case,Underspecified,
andi,Y7DUD2MK,False,Target platform (RQ1),Location,Not applicable,
andi,Y7DUD2MK,False,Target platform (RQ1),Multi Agent System,"No, i.e. one human - one robot",
andi,Y7DUD2MK,False,Software characteristics (RQ2),Middleware,Mo Middleware,
andi,Y7DUD2MK,False,Software characteristics (RQ2),Control algorithm,Not applicable,
andi,Y7DUD2MK,False,Software characteristics (RQ2),Adaptation,None,
andi,Y7DUD2MK,False,Software characteristics (RQ2),Goal of adaptation,Not applicable,
andi,Y7DUD2MK,False,Explanation structure (RQ3),Intrinsic vs. post-hoc,Intrinsic,
andi,Y7DUD2MK,False,Explanation structure (RQ3),Generation technique,DL-based,
andi,Y7DUD2MK,False,Explanation structure (RQ3),Explained robot part,Behaviour,
andi,Y7DUD2MK,False,Explanation structure (RQ3),Explanatory question,Underspecified,
andi,Y7DUD2MK,False,Explanation structure (RQ3),Planning level scope,"Discussion needed: How they present it in the paper, I would argue that it's policy level. But since the interpretability is in the network, you can also explain singular events. Just because they summarize it when evaluating it on a dataset, does that automatically mean that the explanation is on policy level?",Discussion needed
andi,Y7DUD2MK,False,Explanation structure (RQ3),Presentation modality,Plot,
andi,Y7DUD2MK,False,Stakeholder (RQ4),HRI Type,No coexistence,
andi,Y7DUD2MK,False,Stakeholder (RQ4),Motivation,Failure handling,
andi,Y7DUD2MK,False,Stakeholder (RQ4),Motivation,Safety,
andi,Y7DUD2MK,False,Stakeholder (RQ4),Motivation,Other: Reliability,Other
andi,Y7DUD2MK,False,Stakeholder (RQ4),Stakeholder type,Underspecified,
andi,Y7DUD2MK,False,Evaluation (RQ5),State of explainability,Evaluated,
andi,Y7DUD2MK,False,Evaluation (RQ5),Type of explainability evaluation,"Technical (Benchmark), Quantitative",
andi,Y7DUD2MK,False,Evaluation (RQ5),Evaluation metrics,Not applicable,
andi,78REPEX5,False,General information,Code available?,no,
andi,78REPEX5,False,General information,Project status,Not applicable,
andi,78REPEX5,False,General information,License,Not applicable,
andi,78REPEX5,False,General information,Additional information,No additional information,
andi,78REPEX5,False,Target platform (RQ1),Deployment,Other simulation,
andi,78REPEX5,False,Target platform (RQ1),Robotic device,Drone,
andi,78REPEX5,False,Target platform (RQ1),Simulation environment,Other: AirSim,Other
andi,78REPEX5,False,Target platform (RQ1),Domain,Underspecified,
andi,78REPEX5,False,Target platform (RQ1),Use case,Navigation,
andi,78REPEX5,False,Target platform (RQ1),Use case,Collision avoidance,
andi,78REPEX5,False,Target platform (RQ1),Location,Not applicable,
andi,78REPEX5,False,Target platform (RQ1),Multi Agent System,"No, i.e. one human - one robot",
andi,78REPEX5,False,Software characteristics (RQ2),Middleware,Mo Middleware,
andi,78REPEX5,False,Software characteristics (RQ2),Control algorithm,MDP-based,
andi,78REPEX5,False,Software characteristics (RQ2),Adaptation,None,
andi,78REPEX5,False,Software characteristics (RQ2),Goal of adaptation,Not applicable,
andi,78REPEX5,False,Explanation structure (RQ3),Intrinsic vs. post-hoc,Intrinsic,
andi,78REPEX5,False,Explanation structure (RQ3),Generation technique,Discussion needed: Is Gradient Analysis DL-based or something else?,Discussion needed
andi,78REPEX5,False,Explanation structure (RQ3),Explained robot part,Perception,
andi,78REPEX5,False,Explanation structure (RQ3),Explained robot part,Behaviour,
andi,78REPEX5,False,Explanation structure (RQ3),Explanatory question,What,
andi,78REPEX5,False,Explanation structure (RQ3),Planning level scope,Action level,
andi,78REPEX5,False,Explanation structure (RQ3),Presentation modality,Visualization,
andi,78REPEX5,False,Explanation structure (RQ3),Presentation modality,Text,
andi,78REPEX5,False,Explanation structure (RQ3),Presentation modality,Plot,
andi,78REPEX5,False,Stakeholder (RQ4),HRI Type,No coexistence,
andi,78REPEX5,False,Stakeholder (RQ4),Motivation,Transparency,
andi,78REPEX5,False,Stakeholder (RQ4),Motivation,Safety,
andi,78REPEX5,False,Stakeholder (RQ4),Motivation,Trust (increase),
andi,78REPEX5,False,Stakeholder (RQ4),Stakeholder type,Underspecified,
andi,78REPEX5,False,Evaluation (RQ5),State of explainability,Evaluated,
andi,78REPEX5,False,Evaluation (RQ5),Type of explainability evaluation,"Technical (Benchmark), Quantitative",
andi,78REPEX5,False,Evaluation (RQ5),Evaluation metrics,Not applicable,
andi,CSQ34Q94,False,General information,Code available?,yes,
andi,CSQ34Q94,False,General information,Project status,unmaintained,
andi,CSQ34Q94,False,General information,License,Underspecified,
andi,CSQ34Q94,False,General information,Additional information,No additional information,
andi,CSQ34Q94,False,Target platform (RQ1),Deployment,Robot recording,
andi,CSQ34Q94,False,Target platform (RQ1),Robotic device,"Discussion needed: Information inside the VirtualHome dataset, need to recheck again when online. From the images it looks like a manipulator. ",Discussion needed
andi,CSQ34Q94,False,Target platform (RQ1),Simulation environment,Not applicable,
andi,CSQ34Q94,False,Target platform (RQ1),Domain,Consumer robot,
andi,CSQ34Q94,False,Target platform (RQ1),Use case,Manipulation,
andi,CSQ34Q94,False,Target platform (RQ1),Location,Not applicable,
andi,CSQ34Q94,False,Target platform (RQ1),Multi Agent System,"No, i.e. one human - one robot",
andi,CSQ34Q94,False,Software characteristics (RQ2),Middleware,Not applicable,
andi,CSQ34Q94,False,Software characteristics (RQ2),Control algorithm,Not applicable,
andi,CSQ34Q94,False,Software characteristics (RQ2),Adaptation,None,
andi,CSQ34Q94,False,Software characteristics (RQ2),Goal of adaptation,Not applicable,
andi,CSQ34Q94,False,Explanation structure (RQ3),Intrinsic vs. post-hoc,Post-hoc,
andi,CSQ34Q94,False,Explanation structure (RQ3),Generation technique,Tree-based,
andi,CSQ34Q94,False,Explanation structure (RQ3),Explained robot part,Behaviour,
andi,CSQ34Q94,False,Explanation structure (RQ3),Explanatory question,Why,
andi,CSQ34Q94,False,Explanation structure (RQ3),Planning level scope,Action level,
andi,CSQ34Q94,False,Explanation structure (RQ3),Presentation modality,Text,
andi,CSQ34Q94,False,Stakeholder (RQ4),HRI Type,Human supervision,
andi,CSQ34Q94,False,Stakeholder (RQ4),Motivation,User understanding,
andi,CSQ34Q94,False,Stakeholder (RQ4),Stakeholder type,Operator / End user (non-expert),
andi,CSQ34Q94,False,Evaluation (RQ5),State of explainability,Evaluated,
andi,CSQ34Q94,False,Evaluation (RQ5),Evaluation metrics,Other: Task improvement; explanation preference (which of these explanations would you prefer),Other
andi,CSQ34Q94,False,Evaluation (RQ5),Type of explainability evaluation,"Technical (Benchmark), Quantitative",
andi,CSQ34Q94,False,Evaluation (RQ5),Type of explainability evaluation,"Technical (Benchmark), Qualitative",
andi,CSQ34Q94,False,Evaluation (RQ5),Type of explainability evaluation,"User study, Quantitative",
andi,69M7L3MM,False,General information,Code available?,no,
andi,69M7L3MM,False,General information,Project status,Not applicable,
andi,69M7L3MM,False,General information,License,Not applicable,
andi,69M7L3MM,False,General information,Additional information,No additional information,
andi,69M7L3MM,False,Target platform (RQ1),Deployment,Robot simulation,
andi,69M7L3MM,False,Target platform (RQ1),Robotic device,Mobile robot (unspecified) => Use if not further specified,
andi,69M7L3MM,False,Target platform (RQ1),Simulation environment,V-REP/CoppeliaSim,
andi,69M7L3MM,False,Target platform (RQ1),Domain,Transportation and logistics,
andi,69M7L3MM,False,Target platform (RQ1),Use case,Navigation,
andi,69M7L3MM,False,Target platform (RQ1),Use case,Discussion needed: Actually it's product transport but there is not more information on that except that the robot needs to navigate in the warehouse,Discussion needed
andi,69M7L3MM,False,Target platform (RQ1),Location,Not applicable,
andi,69M7L3MM,False,Target platform (RQ1),Multi Agent System,"No, i.e. one human - one robot",
andi,69M7L3MM,False,Software characteristics (RQ2),Middleware,ROS1,
andi,69M7L3MM,False,Software characteristics (RQ2),Middleware,"Discussion needed: They just say ROS. Need to check if V-REP has an interface to ROS2, otherwise I would assume that this is ROS1",Discussion needed
andi,69M7L3MM,False,Software characteristics (RQ2),Control algorithm,RL,
andi,69M7L3MM,False,Software characteristics (RQ2),Adaptation,None,
andi,69M7L3MM,False,Software characteristics (RQ2),Goal of adaptation,Not applicable,
andi,69M7L3MM,False,Explanation structure (RQ3),Intrinsic vs. post-hoc,Post-hoc,
andi,69M7L3MM,False,Explanation structure (RQ3),Generation technique,Other: Reward decomposition,Other
andi,69M7L3MM,False,Explanation structure (RQ3),Generation technique,Discussion needed: Is DNF (Disjunctive Normal Form) a form of template based?,Discussion needed
andi,69M7L3MM,False,Explanation structure (RQ3),Explained robot part,Behaviour,
andi,69M7L3MM,False,Explanation structure (RQ3),Explanatory question,Why,
andi,69M7L3MM,False,Explanation structure (RQ3),Explanatory question,What,
andi,69M7L3MM,False,Explanation structure (RQ3),Explanatory question,How,
andi,69M7L3MM,False,Explanation structure (RQ3),Explanatory question,"Discussion needed: They answer ""When do you do ..."" questions? I would argue that this is a form of a How question",Discussion needed
andi,69M7L3MM,False,Explanation structure (RQ3),Planning level scope,Policy level,
andi,69M7L3MM,False,Explanation structure (RQ3),Planning level scope,Action level,
andi,69M7L3MM,False,Explanation structure (RQ3),Presentation modality,Text,
andi,69M7L3MM,False,Explanation structure (RQ3),Presentation modality,Plot,
andi,69M7L3MM,False,Stakeholder (RQ4),HRI Type,Human supervision,
andi,69M7L3MM,False,Stakeholder (RQ4),Motivation,Safety,
andi,69M7L3MM,False,Stakeholder (RQ4),Stakeholder type,Underspecified,
andi,69M7L3MM,False,Evaluation (RQ5),State of explainability,Evaluated,
andi,69M7L3MM,False,Evaluation (RQ5),Type of explainability evaluation,"Technical (Benchmark), Quantitative",
andi,69M7L3MM,False,Evaluation (RQ5),Evaluation metrics,Not applicable,
andi,VQU5KRBE,False,General information,Code available?,no,
andi,VQU5KRBE,False,General information,Project status,Not applicable,
andi,VQU5KRBE,False,General information,License,Not applicable,
andi,VQU5KRBE,False,General information,Additional information,No additional information,
andi,VQU5KRBE,False,Target platform (RQ1),Deployment,Other simulation,
andi,VQU5KRBE,False,Target platform (RQ1),Robotic device,Mobile robot (unspecified) => Use if not further specified,
andi,VQU5KRBE,False,Target platform (RQ1),Simulation environment,Underspecified,
andi,VQU5KRBE,False,Target platform (RQ1),Domain,Defense and security,
andi,VQU5KRBE,False,Target platform (RQ1),Use case,Search and rescue,
andi,VQU5KRBE,False,Target platform (RQ1),Location,Not applicable,
andi,VQU5KRBE,False,Target platform (RQ1),Multi Agent System,"No, i.e. one human - one robot",
andi,VQU5KRBE,False,Software characteristics (RQ2),Middleware,Mo Middleware,
andi,VQU5KRBE,False,Software characteristics (RQ2),Control algorithm,RL,
andi,VQU5KRBE,False,Software characteristics (RQ2),Adaptation,None,
andi,VQU5KRBE,False,Software characteristics (RQ2),Goal of adaptation,Not applicable,
andi,VQU5KRBE,False,Explanation structure (RQ3),Intrinsic vs. post-hoc,Post-hoc,
andi,VQU5KRBE,False,Explanation structure (RQ3),Generation technique,Tree-based,
andi,VQU5KRBE,False,Explanation structure (RQ3),Generation technique,Template-based,
andi,VQU5KRBE,False,Explanation structure (RQ3),Explained robot part,Perception,
andi,VQU5KRBE,False,Explanation structure (RQ3),Explanatory question,Why,
andi,VQU5KRBE,False,Explanation structure (RQ3),Planning level scope,Policy level,
andi,VQU5KRBE,False,Explanation structure (RQ3),Planning level scope,Action level,
andi,VQU5KRBE,False,Explanation structure (RQ3),Presentation modality,Text,
andi,VQU5KRBE,False,Stakeholder (RQ4),HRI Type,Human robot teaming,
andi,VQU5KRBE,False,Stakeholder (RQ4),Motivation,Transparency,
andi,VQU5KRBE,False,Stakeholder (RQ4),Motivation,Trust (calibration),
andi,VQU5KRBE,False,Stakeholder (RQ4),Motivation,Other: Improved task performance,Other
andi,VQU5KRBE,False,Stakeholder (RQ4),Stakeholder type,Operator / End user (non-expert),
andi,VQU5KRBE,False,Evaluation (RQ5),State of explainability,Evaluated,
andi,VQU5KRBE,False,Evaluation (RQ5),Type of explainability evaluation,"User study, Quantitative",
andi,VQU5KRBE,False,Evaluation (RQ5),Evaluation metrics,User behavior (performance),
andi,VQU5KRBE,False,Evaluation (RQ5),Evaluation metrics,Other: Did the user follow the recommendation of the robot?,Other
andi,NZWR3ATY,True,General information,Code available?,no,
andi,NZWR3ATY,True,General information,Project status,Not applicable,
andi,NZWR3ATY,True,General information,License,Not applicable,
andi,NZWR3ATY,True,General information,Additional information,No additional information,
andi,NZWR3ATY,True,Software characteristics (RQ2),Control algorithm,RL,
andi,NZWR3ATY,True,Explanation structure (RQ3),Intrinsic vs. post-hoc,Post-hoc,
andi,NZWR3ATY,True,Explanation structure (RQ3),Generation technique,Other: Feature attribution,Other
andi,NZWR3ATY,True,Explanation structure (RQ3),Explained robot part,Behaviour,
andi,NZWR3ATY,True,Explanation structure (RQ3),Explanatory question,Why,
andi,NZWR3ATY,True,Explanation structure (RQ3),Planning level scope,Action level,
andi,NZWR3ATY,True,Explanation structure (RQ3),Presentation modality,Visualization,
andi,NZWR3ATY,True,Stakeholder (RQ4),Stakeholder type,Domain expert,
andi,JZZ87H7R,False,General information,Code available?,no,
andi,JZZ87H7R,False,General information,Project status,Not applicable,
andi,JZZ87H7R,False,General information,License,Not applicable,
andi,JZZ87H7R,False,General information,Additional information,No additional information,
andi,JZZ87H7R,False,Target platform (RQ1),Deployment,Robot simulation,
andi,JZZ87H7R,False,Target platform (RQ1),Robotic device,Mobile robot (unspecified) => Use if not further specified,
andi,JZZ87H7R,False,Target platform (RQ1),Simulation environment,Gazebo,
andi,JZZ87H7R,False,Target platform (RQ1),Domain,Underspecified,
andi,JZZ87H7R,False,Target platform (RQ1),Use case,Collision avoidance,
andi,JZZ87H7R,False,Target platform (RQ1),Use case,Discussion needed: It's again not pure collision avoidance but also transportation. But the transportation of an object is more a motivation for safe navigation rather than something where something like success is measured,Discussion needed
andi,JZZ87H7R,False,Target platform (RQ1),Location,Not applicable,
andi,JZZ87H7R,False,Target platform (RQ1),Multi Agent System,"No, i.e. one human - one robot",
andi,JZZ87H7R,False,Software characteristics (RQ2),Middleware,Underspecified,
andi,JZZ87H7R,False,Software characteristics (RQ2),Control algorithm,Underspecified,
andi,JZZ87H7R,False,Software characteristics (RQ2),Adaptation,"Yes, autonomous adaptation",
andi,JZZ87H7R,False,Software characteristics (RQ2),Goal of adaptation,Continuous learning,
andi,JZZ87H7R,False,Software characteristics (RQ2),Goal of adaptation,Self protection,
andi,JZZ87H7R,False,Explanation structure (RQ3),Intrinsic vs. post-hoc,Intrinsic,
andi,JZZ87H7R,False,Explanation structure (RQ3),Generation technique,Tree-based,
andi,JZZ87H7R,False,Explanation structure (RQ3),Explained robot part,Behaviour,
andi,JZZ87H7R,False,Explanation structure (RQ3),Explanatory question,Why,
andi,JZZ87H7R,False,Explanation structure (RQ3),Planning level scope,Action level,
andi,JZZ87H7R,False,Explanation structure (RQ3),Presentation modality,Text,
andi,JZZ87H7R,False,Stakeholder (RQ4),HRI Type,Coexistence,
andi,JZZ87H7R,False,Stakeholder (RQ4),Motivation,Safety,
andi,JZZ87H7R,False,Stakeholder (RQ4),Stakeholder type,Underspecified,
andi,JZZ87H7R,False,Evaluation (RQ5),State of explainability,Implementation,
andi,JZZ87H7R,False,Evaluation (RQ5),Type of explainability evaluation,None,
andi,JZZ87H7R,False,Evaluation (RQ5),Evaluation metrics,Not applicable,
andi,6UGPGZPP,False,General information,Code available?,yes,
andi,6UGPGZPP,False,General information,Project status,unmaintained,
andi,6UGPGZPP,False,General information,License,Other: AGPL,Other
andi,6UGPGZPP,False,General information,Additional information,"Other: They use OCRA, an ontology for collaboration and plan adaptation; quite useful I guess. Not the contribution of the paper though",Other
andi,6UGPGZPP,False,Target platform (RQ1),Deployment,Real robot,
andi,6UGPGZPP,False,Target platform (RQ1),Robotic device,Manipulator (unspecified) => Use if not further specified,
andi,6UGPGZPP,False,Target platform (RQ1),Simulation environment,Not applicable,
andi,6UGPGZPP,False,Target platform (RQ1),Domain,Underspecified,
andi,6UGPGZPP,False,Target platform (RQ1),Use case,Manipulation,
andi,6UGPGZPP,False,Target platform (RQ1),Location,Laboratory,
andi,6UGPGZPP,False,Target platform (RQ1),Multi Agent System,"No, i.e. one human - one robot",
andi,6UGPGZPP,False,Software characteristics (RQ2),Middleware,ROS1,
andi,6UGPGZPP,False,Software characteristics (RQ2),Control algorithm,Other: Ontology,Other
andi,6UGPGZPP,False,Software characteristics (RQ2),Adaptation,"Yes, autonomous adaptation",
andi,6UGPGZPP,False,Software characteristics (RQ2),Goal of adaptation,Self configuration,
andi,6UGPGZPP,False,Explanation structure (RQ3),Intrinsic vs. post-hoc,Intrinsic,
andi,6UGPGZPP,False,Explanation structure (RQ3),Generation technique,Other: Ontology,Other
andi,6UGPGZPP,False,Explanation structure (RQ3),Explained robot part,Behaviour,
andi,6UGPGZPP,False,Explanation structure (RQ3),Explanatory question,Underspecified,
andi,6UGPGZPP,False,Explanation structure (RQ3),Planning level scope,Action level,
andi,6UGPGZPP,False,Explanation structure (RQ3),Presentation modality,Text,
andi,6UGPGZPP,False,Stakeholder (RQ4),HRI Type,Collaboration,
andi,6UGPGZPP,False,Stakeholder (RQ4),Motivation,Collaboration,
andi,6UGPGZPP,False,Stakeholder (RQ4),Stakeholder type,Operator / End user (non-expert),
andi,6UGPGZPP,False,Evaluation (RQ5),State of explainability,Evaluated,
andi,6UGPGZPP,False,Evaluation (RQ5),Type of explainability evaluation,"User study, Mixed methods",
andi,6UGPGZPP,False,Evaluation (RQ5),Evaluation metrics,Understandability,
andi,6UGPGZPP,False,Evaluation (RQ5),Evaluation metrics,"Other: usefulness was measured through five dimensions: appropriate amount, relevancy, interpretability, and objectivity",Other
andi,QRTC7L73,False,General information,Code available?,no,
andi,QRTC7L73,False,General information,Project status,Not applicable,
andi,QRTC7L73,False,General information,License,Not applicable,
andi,QRTC7L73,False,General information,Additional information,No additional information,
andi,QRTC7L73,False,Target platform (RQ1),Deployment,Other simulation,
andi,QRTC7L73,False,Target platform (RQ1),Robotic device,Ship,
andi,QRTC7L73,False,Target platform (RQ1),Simulation environment,Underspecified,
andi,QRTC7L73,False,Target platform (RQ1),Domain,Underspecified,
andi,QRTC7L73,False,Target platform (RQ1),Use case,Other: Docking of a ship in a harbour,Other
andi,QRTC7L73,False,Target platform (RQ1),Location,Not applicable,
andi,QRTC7L73,False,Target platform (RQ1),Multi Agent System,"No, i.e. one human - one robot",
andi,QRTC7L73,False,Software characteristics (RQ2),Middleware,Underspecified,
andi,QRTC7L73,False,Software characteristics (RQ2),Control algorithm,DL-Based,
andi,QRTC7L73,False,Software characteristics (RQ2),Adaptation,None,
andi,QRTC7L73,False,Software characteristics (RQ2),Goal of adaptation,Not applicable,
andi,QRTC7L73,False,Explanation structure (RQ3),Intrinsic vs. post-hoc,Post-hoc,
andi,QRTC7L73,False,Explanation structure (RQ3),Generation technique,Tree-based,
andi,QRTC7L73,False,Explanation structure (RQ3),Explained robot part,Behaviour,
andi,QRTC7L73,False,Explanation structure (RQ3),Explanatory question,How,
andi,QRTC7L73,False,Explanation structure (RQ3),Planning level scope,Action level,
andi,QRTC7L73,False,Explanation structure (RQ3),Presentation modality,Visualization,
andi,QRTC7L73,False,Stakeholder (RQ4),HRI Type,Coexistence,
andi,QRTC7L73,False,Stakeholder (RQ4),Motivation,Trust (increase),
andi,QRTC7L73,False,Stakeholder (RQ4),Stakeholder type,Underspecified,
andi,QRTC7L73,False,Evaluation (RQ5),State of explainability,Implementation,
andi,QRTC7L73,False,Evaluation (RQ5),Type of explainability evaluation,None,
andi,QRTC7L73,False,Evaluation (RQ5),Evaluation metrics,Not applicable,
andi,UEW55ITA,True,General information,Code available?,no,
andi,UEW55ITA,True,General information,Project status,Not applicable,
andi,UEW55ITA,True,General information,License,Not applicable,
andi,UEW55ITA,True,General information,Additional information,No additional information,
andi,UEW55ITA,True,Target platform (RQ1),Robotic device,Ship,
andi,UEW55ITA,True,Explanation structure (RQ3),Generation technique,Rule-based,
andi,UEW55ITA,True,Explanation structure (RQ3),Explained robot part,Behaviour,
andi,UEW55ITA,True,Explanation structure (RQ3),Explanatory question,Why,
andi,UEW55ITA,True,Explanation structure (RQ3),Planning level scope,Action level,
andi,9UHS65IE,False,General information,Code available?,yes,
andi,9UHS65IE,False,General information,Project status,unmaintained,
andi,9UHS65IE,False,General information,License,Other: Creative Commons Attribution 4.0 International,Other
andi,9UHS65IE,False,General information,Additional information,Other: They introduce several levels of explainability; different to our planning level scope but differentiate between local/global and local/global collective explainability. This is interesting for multi robot systems,Other
andi,9UHS65IE,False,Target platform (RQ1),Deployment,Discussion needed: Would need to dive into a different paper; think this could even be real world,Discussion needed
andi,9UHS65IE,False,Target platform (RQ1),Robotic device,Mobile robot (unspecified) => Use if not further specified,
andi,9UHS65IE,False,Target platform (RQ1),Simulation environment,Underspecified,
andi,9UHS65IE,False,Target platform (RQ1),Domain,Medical and healthcare,
andi,9UHS65IE,False,Target platform (RQ1),Use case,Navigation,
andi,9UHS65IE,False,Target platform (RQ1),Location,Not applicable,
andi,9UHS65IE,False,Target platform (RQ1),Multi Agent System,One human - multiple robots,
andi,9UHS65IE,False,Software characteristics (RQ2),Middleware,Discussion needed: Need to look in different paper for that,Discussion needed
andi,9UHS65IE,False,Software characteristics (RQ2),Control algorithm,Underspecified,
andi,9UHS65IE,False,Software characteristics (RQ2),Adaptation,None,
andi,9UHS65IE,False,Software characteristics (RQ2),Goal of adaptation,Not applicable,
andi,9UHS65IE,False,Explanation structure (RQ3),Intrinsic vs. post-hoc,Post-hoc,
andi,9UHS65IE,False,Explanation structure (RQ3),Generation technique,"Other: PDP, partial dependency plot",Other
andi,9UHS65IE,False,Explanation structure (RQ3),Explained robot part,Behaviour,
andi,9UHS65IE,False,Explanation structure (RQ3),Explanatory question,Underspecified,
andi,9UHS65IE,False,Explanation structure (RQ3),Planning level scope,Action level,
andi,9UHS65IE,False,Explanation structure (RQ3),Planning level scope,Policy level,
andi,9UHS65IE,False,Explanation structure (RQ3),Presentation modality,Plot,
andi,9UHS65IE,False,Stakeholder (RQ4),HRI Type,Underspecified,
andi,9UHS65IE,False,Stakeholder (RQ4),Motivation,Trust (unspecified),
andi,9UHS65IE,False,Stakeholder (RQ4),Motivation,User understanding,
andi,9UHS65IE,False,Stakeholder (RQ4),Stakeholder type,Underspecified,
andi,9UHS65IE,False,Evaluation (RQ5),State of explainability,Evaluated,
andi,9UHS65IE,False,Evaluation (RQ5),Type of explainability evaluation,"Technical (Benchmark), Quantitative",
andi,9UHS65IE,False,Evaluation (RQ5),Evaluation metrics,Not applicable,
andi,5WU76SYL,False,General information,Code available?,yes,
andi,5WU76SYL,False,General information,Project status,unmaintained,
andi,5WU76SYL,False,General information,License,GPL,
andi,5WU76SYL,False,General information,Additional information,No additional information,
andi,5WU76SYL,False,Target platform (RQ1),Deployment,Robot simulation,
andi,5WU76SYL,False,Target platform (RQ1),Robotic device,Mobile robot (unspecified) => Use if not further specified,
andi,5WU76SYL,False,Target platform (RQ1),Simulation environment,Gazebo,
andi,5WU76SYL,False,Target platform (RQ1),Domain,Medical and healthcare,
andi,5WU76SYL,False,Target platform (RQ1),Use case,Navigation,
andi,5WU76SYL,False,Target platform (RQ1),Use case,Collision avoidance,
andi,5WU76SYL,False,Target platform (RQ1),Location,Not applicable,
andi,5WU76SYL,False,Target platform (RQ1),Multi Agent System,"No, i.e. one human - one robot",
andi,5WU76SYL,False,Software characteristics (RQ2),Middleware,ROS2,
andi,5WU76SYL,False,Software characteristics (RQ2),Control algorithm,BT (nav 2),
andi,5WU76SYL,False,Software characteristics (RQ2),Adaptation,"Yes, autonomous adaptation",
andi,5WU76SYL,False,Software characteristics (RQ2),Goal of adaptation,Self protection,
andi,5WU76SYL,False,Explanation structure (RQ3),Intrinsic vs. post-hoc,Post-hoc,
andi,5WU76SYL,False,Explanation structure (RQ3),Generation technique,Rule-based,
andi,5WU76SYL,False,Explanation structure (RQ3),Generation technique,Tree-based,
andi,5WU76SYL,False,Explanation structure (RQ3),Explained robot part,Behaviour,
andi,5WU76SYL,False,Explanation structure (RQ3),Explanatory question,What,
andi,5WU76SYL,False,Explanation structure (RQ3),Explanatory question,Why,
andi,5WU76SYL,False,Explanation structure (RQ3),Planning level scope,Action level,
andi,5WU76SYL,False,Explanation structure (RQ3),Presentation modality,Text,
andi,5WU76SYL,False,Stakeholder (RQ4),HRI Type,Underspecified,
andi,5WU76SYL,False,Stakeholder (RQ4),Motivation,Accountability,
andi,5WU76SYL,False,Stakeholder (RQ4),Stakeholder type,Underspecified,
andi,5WU76SYL,False,Evaluation (RQ5),State of explainability,Implementation,
andi,5WU76SYL,False,Evaluation (RQ5),Type of explainability evaluation,None,
andi,5WU76SYL,False,Evaluation (RQ5),Evaluation metrics,Not applicable,
andi,LCAWJG35,False,General information,Code available?,no,
andi,LCAWJG35,False,General information,Project status,Not applicable,
andi,LCAWJG35,False,General information,License,Not applicable,
andi,LCAWJG35,False,General information,Additional information,No additional information,
andi,LCAWJG35,False,Target platform (RQ1),Deployment,Robot recording,
andi,LCAWJG35,False,Target platform (RQ1),Deployment,Real robot,
andi,LCAWJG35,False,Target platform (RQ1),Robotic device,Drone,
andi,LCAWJG35,False,Target platform (RQ1),Simulation environment,Not applicable,
andi,LCAWJG35,False,Target platform (RQ1),Domain,Underspecified,
andi,LCAWJG35,False,Target platform (RQ1),Use case,Underspecified,
andi,LCAWJG35,False,Target platform (RQ1),Location,Not applicable,
andi,LCAWJG35,False,Target platform (RQ1),Multi Agent System,"No, i.e. one human - one robot",
andi,LCAWJG35,False,Software characteristics (RQ2),Middleware,Underspecified,
andi,LCAWJG35,False,Software characteristics (RQ2),Control algorithm,Underspecified,
andi,LCAWJG35,False,Software characteristics (RQ2),Adaptation,None,
andi,LCAWJG35,False,Software characteristics (RQ2),Goal of adaptation,Not applicable,
andi,LCAWJG35,False,Explanation structure (RQ3),Intrinsic vs. post-hoc,Post-hoc,
andi,LCAWJG35,False,Explanation structure (RQ3),Generation technique,DL-based,
andi,LCAWJG35,False,Explanation structure (RQ3),Explained robot part,Behaviour,
andi,LCAWJG35,False,Explanation structure (RQ3),Explanatory question,Why,
andi,LCAWJG35,False,Explanation structure (RQ3),Planning level scope,Action level,
andi,LCAWJG35,False,Explanation structure (RQ3),Presentation modality,Plot,
andi,LCAWJG35,False,Stakeholder (RQ4),HRI Type,Human supervision,
andi,LCAWJG35,False,Stakeholder (RQ4),Motivation,Failure handling,
andi,LCAWJG35,False,Stakeholder (RQ4),Motivation,Safety,
andi,LCAWJG35,False,Stakeholder (RQ4),Stakeholder type,Underspecified,
andi,LCAWJG35,False,Evaluation (RQ5),State of explainability,Implementation,
andi,LCAWJG35,False,Evaluation (RQ5),Type of explainability evaluation,Discussion needed: The calculation of true positives is adapted to consider cases where the algorithm did not specify the correct source of a failure but still detected an anomaly. I would argue that this doesn't count as an explanability evaluation,Discussion needed
andi,LCAWJG35,False,Evaluation (RQ5),Evaluation metrics,Not applicable,
andi,57LQAWFP,False,General information,Code available?,no,
andi,57LQAWFP,False,General information,Project status,Not applicable,
andi,57LQAWFP,False,General information,License,Not applicable,
andi,57LQAWFP,False,General information,Additional information,No additional information,
andi,57LQAWFP,False,Target platform (RQ1),Deployment,Real robot,
andi,57LQAWFP,False,Target platform (RQ1),Robotic device,Manipulator (unspecified) => Use if not further specified,
andi,57LQAWFP,False,Target platform (RQ1),Simulation environment,Not applicable,
andi,57LQAWFP,False,Target platform (RQ1),Domain,Consumer robot,
andi,57LQAWFP,False,Target platform (RQ1),Use case,Other: Pour drinking,Other
andi,57LQAWFP,False,Target platform (RQ1),Location,Laboratory,
andi,57LQAWFP,False,Target platform (RQ1),Multi Agent System,"No, i.e. one human - one robot",
andi,57LQAWFP,False,Software characteristics (RQ2),Middleware,Underspecified,
andi,57LQAWFP,False,Software characteristics (RQ2),Control algorithm,Other: Hierarchical Imitation Learning,Other
andi,57LQAWFP,False,Software characteristics (RQ2),Adaptation,None,
andi,57LQAWFP,False,Software characteristics (RQ2),Goal of adaptation,Not applicable,
andi,57LQAWFP,False,Explanation structure (RQ3),Intrinsic vs. post-hoc,Post-hoc,
andi,57LQAWFP,False,Explanation structure (RQ3),Generation technique,Other: Hierarchical Imitation Learning,Other
andi,57LQAWFP,False,Explanation structure (RQ3),Explained robot part,Behaviour,
andi,57LQAWFP,False,Explanation structure (RQ3),Explanatory question,What,
andi,57LQAWFP,False,Explanation structure (RQ3),Planning level scope,Action level,
andi,57LQAWFP,False,Explanation structure (RQ3),Planning level scope,Policy level,
andi,57LQAWFP,False,Explanation structure (RQ3),Presentation modality,Visualization,
andi,57LQAWFP,False,Stakeholder (RQ4),HRI Type,Human supervision,
andi,57LQAWFP,False,Stakeholder (RQ4),Motivation,Safety,
andi,57LQAWFP,False,Stakeholder (RQ4),Motivation,Accountability,
andi,57LQAWFP,False,Stakeholder (RQ4),Stakeholder type,Underspecified,
andi,57LQAWFP,False,Evaluation (RQ5),State of explainability,Evaluated,
andi,57LQAWFP,False,Evaluation (RQ5),Type of explainability evaluation,"Technical (Benchmark), Quantitative",
andi,57LQAWFP,False,Evaluation (RQ5),Evaluation metrics,Not applicable,
andi,NUSXX3T3,False,General information,Code available?,"Discussion needed: Again: ""Will be made available on reasonable request"" Do we need to test this?",Discussion needed
andi,NUSXX3T3,False,General information,Project status,Not applicable,
andi,NUSXX3T3,False,General information,License,Not applicable,
andi,NUSXX3T3,False,General information,Additional information,Other: This is a very weird paper tbh. ,Other
andi,NUSXX3T3,False,Target platform (RQ1),Deployment,Other simulation,
andi,NUSXX3T3,False,Target platform (RQ1),Robotic device,Drone,
andi,NUSXX3T3,False,Target platform (RQ1),Simulation environment,Underspecified,
andi,NUSXX3T3,False,Target platform (RQ1),Domain,Consumer robot,
andi,NUSXX3T3,False,Target platform (RQ1),Use case,Other: Package delivery,Other
andi,NUSXX3T3,False,Target platform (RQ1),Location,Not applicable,
andi,NUSXX3T3,False,Target platform (RQ1),Multi Agent System,"No, i.e. one human - one robot",
andi,NUSXX3T3,False,Software characteristics (RQ2),Middleware,Underspecified,
andi,NUSXX3T3,False,Software characteristics (RQ2),Control algorithm,RL,
andi,NUSXX3T3,False,Software characteristics (RQ2),Adaptation,None,
andi,NUSXX3T3,False,Software characteristics (RQ2),Goal of adaptation,Not applicable,
andi,NUSXX3T3,False,Explanation structure (RQ3),Intrinsic vs. post-hoc,Post-hoc,
andi,NUSXX3T3,False,Explanation structure (RQ3),Generation technique,Underspecified,
andi,NUSXX3T3,False,Explanation structure (RQ3),Explained robot part,Behaviour,
andi,NUSXX3T3,False,Explanation structure (RQ3),Explanatory question,Why,
andi,NUSXX3T3,False,Explanation structure (RQ3),Explanatory question,What,
andi,NUSXX3T3,False,Explanation structure (RQ3),Planning level scope,Policy level,
andi,NUSXX3T3,False,Explanation structure (RQ3),Presentation modality,Visualization,
andi,NUSXX3T3,False,Explanation structure (RQ3),Presentation modality,Text,
andi,NUSXX3T3,False,Stakeholder (RQ4),HRI Type,Underspecified,
andi,NUSXX3T3,False,Stakeholder (RQ4),Motivation,Underspecified,
andi,NUSXX3T3,False,Stakeholder (RQ4),Stakeholder type,Underspecified,
andi,NUSXX3T3,False,Evaluation (RQ5),State of explainability,Implementation,
andi,NUSXX3T3,False,Evaluation (RQ5),Type of explainability evaluation,None,
andi,NUSXX3T3,False,Evaluation (RQ5),Evaluation metrics,Not applicable,
andi,YIQ7M7WK,False,General information,Code available?,no,
andi,YIQ7M7WK,False,General information,Project status,Not applicable,
andi,YIQ7M7WK,False,General information,License,Not applicable,
andi,YIQ7M7WK,False,General information,Additional information,No additional information,
andi,YIQ7M7WK,False,Target platform (RQ1),Deployment,Real robot,
andi,YIQ7M7WK,False,Target platform (RQ1),Robotic device,Humanoid robot,
andi,YIQ7M7WK,False,Target platform (RQ1),Simulation environment,Not applicable,
andi,YIQ7M7WK,False,Target platform (RQ1),Domain,Underspecified,
andi,YIQ7M7WK,False,Target platform (RQ1),Use case,Manipulation,
andi,YIQ7M7WK,False,Target platform (RQ1),Location,Laboratory,
andi,YIQ7M7WK,False,Target platform (RQ1),Multi Agent System,One human - multiple robots,
andi,YIQ7M7WK,False,Software characteristics (RQ2),Middleware,Underspecified,
andi,YIQ7M7WK,False,Software characteristics (RQ2),Control algorithm,FSM,
andi,YIQ7M7WK,False,Software characteristics (RQ2),Adaptation,None,
andi,YIQ7M7WK,False,Software characteristics (RQ2),Goal of adaptation,Not applicable,
andi,YIQ7M7WK,False,Explanation structure (RQ3),Intrinsic vs. post-hoc,Post-hoc,
andi,YIQ7M7WK,False,Explanation structure (RQ3),Generation technique,Template-based,
andi,YIQ7M7WK,False,Explanation structure (RQ3),Explained robot part,Behaviour,
andi,YIQ7M7WK,False,Explanation structure (RQ3),Explanatory question,What,
andi,YIQ7M7WK,False,Explanation structure (RQ3),Planning level scope,Action level,
andi,YIQ7M7WK,False,Explanation structure (RQ3),Presentation modality,Text,
andi,YIQ7M7WK,False,Stakeholder (RQ4),HRI Type,Coexistence,
andi,YIQ7M7WK,False,Stakeholder (RQ4),Motivation,User understanding,
andi,YIQ7M7WK,False,Stakeholder (RQ4),Stakeholder type,Bystander,
andi,YIQ7M7WK,False,Evaluation (RQ5),State of explainability,Evaluated,
andi,YIQ7M7WK,False,Evaluation (RQ5),Type of explainability evaluation,"User study, Qualitative",
andi,YIQ7M7WK,False,Evaluation (RQ5),Evaluation metrics,Understandability,
andi,YIQ7M7WK,False,Evaluation (RQ5),Evaluation metrics,Other: Preference,Other
andi,T4YDQC6B,True,General information,Code available?,yes,
andi,T4YDQC6B,True,General information,Project status,unmaintained,
andi,T4YDQC6B,True,General information,License,Underspecified,
andi,T4YDQC6B,True,Target platform (RQ1),Deployment,Robot simulation,
andi,T4YDQC6B,True,Target platform (RQ1),Simulation environment,MuJoCo,
andi,CB6RLGUB,False,General information,Code available?,no,
andi,CB6RLGUB,False,General information,Project status,Not applicable,
andi,CB6RLGUB,False,General information,License,Not applicable,
andi,CB6RLGUB,False,General information,Additional information,Other: You could think about excluding this paper since most of the paper is on imitation learning and the explainability part is basically developed in a different paper and very little tuned. This raises questions about the explainability being the main focus,Other
andi,CB6RLGUB,False,Target platform (RQ1),Deployment,Real robot,
andi,CB6RLGUB,False,Target platform (RQ1),Deployment,Robot simulation,
andi,CB6RLGUB,False,Target platform (RQ1),Robotic device,Manipulator (unspecified) => Use if not further specified,
andi,CB6RLGUB,False,Target platform (RQ1),Simulation environment,PyBullet,
andi,CB6RLGUB,False,Target platform (RQ1),Simulation environment,Other: Habitat Sim,Other
andi,CB6RLGUB,False,Target platform (RQ1),Domain,Consumer robot,
andi,CB6RLGUB,False,Target platform (RQ1),Use case,Manipulation,
andi,CB6RLGUB,False,Target platform (RQ1),Location,Underspecified,
andi,CB6RLGUB,False,Target platform (RQ1),Multi Agent System,"No, i.e. one human - one robot",
andi,CB6RLGUB,False,Software characteristics (RQ2),Middleware,Mo Middleware,
andi,CB6RLGUB,False,Software characteristics (RQ2),Control algorithm,DL-Based,
andi,CB6RLGUB,False,Software characteristics (RQ2),Adaptation,None,
andi,CB6RLGUB,False,Software characteristics (RQ2),Goal of adaptation,Not applicable,
andi,CB6RLGUB,False,Explanation structure (RQ3),Intrinsic vs. post-hoc,Post-hoc,
andi,CB6RLGUB,False,Explanation structure (RQ3),Generation technique,Underspecified,
andi,CB6RLGUB,False,Explanation structure (RQ3),Explained robot part,Behaviour,
andi,CB6RLGUB,False,Explanation structure (RQ3),Explanatory question,Why,
andi,CB6RLGUB,False,Explanation structure (RQ3),Planning level scope,Policy level,
andi,CB6RLGUB,False,Explanation structure (RQ3),Presentation modality,Plot,
andi,CB6RLGUB,False,Stakeholder (RQ4),HRI Type,No coexistence,
andi,CB6RLGUB,False,Stakeholder (RQ4),Motivation,Debugging,
andi,CB6RLGUB,False,Stakeholder (RQ4),Motivation,Other: Verification,Other
andi,CB6RLGUB,False,Stakeholder (RQ4),Stakeholder type,Developer,
andi,CB6RLGUB,False,Evaluation (RQ5),State of explainability,Evaluated,
andi,CB6RLGUB,False,Evaluation (RQ5),Type of explainability evaluation,"Technical (Benchmark), Quantitative",
andi,CB6RLGUB,False,Evaluation (RQ5),Evaluation metrics,Not applicable,
andi,BPBV4QIT,False,General information,Code available?,no,
andi,BPBV4QIT,False,General information,Project status,Not applicable,
andi,BPBV4QIT,False,General information,License,Not applicable,
andi,BPBV4QIT,False,General information,Additional information,No additional information,
andi,BPBV4QIT,False,Target platform (RQ1),Deployment,Robot simulation,
andi,BPBV4QIT,False,Target platform (RQ1),Robotic device,Mobile robot (unspecified) => Use if not further specified,
andi,BPBV4QIT,False,Target platform (RQ1),Simulation environment,Other: PointMaze,Other
andi,BPBV4QIT,False,Target platform (RQ1),Domain,Underspecified,
andi,BPBV4QIT,False,Target platform (RQ1),Use case,Navigation,
andi,BPBV4QIT,False,Target platform (RQ1),Location,Not applicable,
andi,BPBV4QIT,False,Target platform (RQ1),Multi Agent System,"No, i.e. one human - one robot",
andi,BPBV4QIT,False,Software characteristics (RQ2),Middleware,Mo Middleware,
andi,BPBV4QIT,False,Software characteristics (RQ2),Control algorithm,RL,
andi,BPBV4QIT,False,Software characteristics (RQ2),Adaptation,None,
andi,BPBV4QIT,False,Software characteristics (RQ2),Goal of adaptation,Not applicable,
andi,BPBV4QIT,False,Explanation structure (RQ3),Intrinsic vs. post-hoc,Post-hoc,
andi,BPBV4QIT,False,Explanation structure (RQ3),Generation technique,"Other: Graph-based, Page-Rank algorithm for finding the most important nodes in a graph",Other
andi,BPBV4QIT,False,Explanation structure (RQ3),Explained robot part,Behaviour,
andi,BPBV4QIT,False,Explanation structure (RQ3),Explanatory question,How,
andi,BPBV4QIT,False,Explanation structure (RQ3),Explanatory question,Why,
andi,BPBV4QIT,False,Explanation structure (RQ3),Planning level scope,Action level,
andi,BPBV4QIT,False,Explanation structure (RQ3),Presentation modality,Plot,
andi,BPBV4QIT,False,Stakeholder (RQ4),HRI Type,No coexistence,
andi,BPBV4QIT,False,Stakeholder (RQ4),Motivation,Trust (increase),
andi,BPBV4QIT,False,Stakeholder (RQ4),Motivation,Mental model alignment,
andi,BPBV4QIT,False,Stakeholder (RQ4),Stakeholder type,Underspecified,
andi,BPBV4QIT,False,Evaluation (RQ5),State of explainability,Evaluated,
andi,BPBV4QIT,False,Evaluation (RQ5),Type of explainability evaluation,"User study, Mixed methods",
andi,BPBV4QIT,False,Evaluation (RQ5),Evaluation metrics,Understandability,
andi,BPBV4QIT,False,Evaluation (RQ5),Evaluation metrics,Satisfaction,
andi,PATULKY5,False,General information,Code available?,yes,
andi,PATULKY5,False,General information,Project status,unmaintained,
andi,PATULKY5,False,General information,License,Underspecified,
andi,PATULKY5,False,General information,Additional information,No additional information,
andi,PATULKY5,False,Target platform (RQ1),Deployment,Not applicable,
andi,PATULKY5,False,Target platform (RQ1),Robotic device,Mobile manipulator,
andi,PATULKY5,False,Target platform (RQ1),Simulation environment,Not applicable,
andi,PATULKY5,False,Target platform (RQ1),Domain,Consumer robot,
andi,PATULKY5,False,Target platform (RQ1),Use case,Manipulation,
andi,PATULKY5,False,Target platform (RQ1),Location,Not applicable,
andi,PATULKY5,False,Target platform (RQ1),Multi Agent System,"No, i.e. one human - one robot",
andi,PATULKY5,False,Software characteristics (RQ2),Middleware,Not applicable,
andi,PATULKY5,False,Software characteristics (RQ2),Control algorithm,BT,
andi,PATULKY5,False,Software characteristics (RQ2),Adaptation,None,
andi,PATULKY5,False,Software characteristics (RQ2),Goal of adaptation,Not applicable,
andi,PATULKY5,False,Explanation structure (RQ3),Intrinsic vs. post-hoc,Intrinsic,
andi,PATULKY5,False,Explanation structure (RQ3),Generation technique,Template-based,
andi,PATULKY5,False,Explanation structure (RQ3),Explained robot part,Behaviour,
andi,PATULKY5,False,Explanation structure (RQ3),Explanatory question,What,
andi,PATULKY5,False,Explanation structure (RQ3),Explanatory question,Why,
andi,PATULKY5,False,Explanation structure (RQ3),Explanatory question,How,
andi,PATULKY5,False,Explanation structure (RQ3),Planning level scope,Discussion needed: Would argue that this is action but the BTs are not actually used but created and exemplary questions are created/answered.,Discussion needed
andi,PATULKY5,False,Explanation structure (RQ3),Presentation modality,Visualization,
andi,PATULKY5,False,Stakeholder (RQ4),HRI Type,Coexistence,
andi,PATULKY5,False,Stakeholder (RQ4),Motivation,Transparency,
andi,PATULKY5,False,Stakeholder (RQ4),Stakeholder type,Operator / End user (non-expert),
andi,PATULKY5,False,Evaluation (RQ5),State of explainability,Implementation,
andi,PATULKY5,False,Evaluation (RQ5),Type of explainability evaluation,None,
andi,PATULKY5,False,Evaluation (RQ5),Evaluation metrics,Not applicable,
andi,LDSTQP7X,False,General information,Code available?,no,
andi,LDSTQP7X,False,General information,Project status,Not applicable,
andi,LDSTQP7X,False,General information,License,Not applicable,
andi,LDSTQP7X,False,General information,Additional information,No additional information,
andi,LDSTQP7X,False,Target platform (RQ1),Deployment,Other simulation,
andi,LDSTQP7X,False,Target platform (RQ1),Robotic device,Ship,
andi,LDSTQP7X,False,Target platform (RQ1),Simulation environment,Underspecified,
andi,LDSTQP7X,False,Target platform (RQ1),Domain,Underspecified,
andi,LDSTQP7X,False,Target platform (RQ1),Use case,Other: Ship docking,Other
andi,LDSTQP7X,False,Target platform (RQ1),Location,Not applicable,
andi,LDSTQP7X,False,Target platform (RQ1),Multi Agent System,"No, i.e. one human - one robot",
andi,LDSTQP7X,False,Software characteristics (RQ2),Middleware,Mo Middleware,
andi,LDSTQP7X,False,Software characteristics (RQ2),Control algorithm,RL,
andi,LDSTQP7X,False,Software characteristics (RQ2),Adaptation,None,
andi,LDSTQP7X,False,Software characteristics (RQ2),Goal of adaptation,Not applicable,
andi,LDSTQP7X,False,Explanation structure (RQ3),Intrinsic vs. post-hoc,Post-hoc,
andi,LDSTQP7X,False,Explanation structure (RQ3),Generation technique,Tree-based,
andi,LDSTQP7X,False,Explanation structure (RQ3),Explained robot part,Behaviour,
andi,LDSTQP7X,False,Explanation structure (RQ3),Explanatory question,Underspecified,
andi,LDSTQP7X,False,Explanation structure (RQ3),Planning level scope,Underspecified,
andi,LDSTQP7X,False,Explanation structure (RQ3),Presentation modality,Plot,
andi,LDSTQP7X,False,Stakeholder (RQ4),HRI Type,No coexistence,
andi,LDSTQP7X,False,Stakeholder (RQ4),Motivation,Other: Real time capabilities of DTs compared to SHAP/LIME,Other
andi,LDSTQP7X,False,Stakeholder (RQ4),Stakeholder type,Underspecified,
andi,LDSTQP7X,False,Evaluation (RQ5),State of explainability,Implementation,
andi,LDSTQP7X,False,Evaluation (RQ5),Type of explainability evaluation,None,
andi,LDSTQP7X,False,Evaluation (RQ5),Evaluation metrics,Not applicable,
andi,E6QZCX5R,False,General information,Code available?,no,
andi,E6QZCX5R,False,General information,Project status,Not applicable,
andi,E6QZCX5R,False,General information,License,Not applicable,
andi,E6QZCX5R,False,General information,Additional information,No additional information,
andi,E6QZCX5R,False,Target platform (RQ1),Deployment,Other simulation,
andi,E6QZCX5R,False,Target platform (RQ1),Robotic device,Mobile robot (unspecified) => Use if not further specified,
andi,E6QZCX5R,False,Target platform (RQ1),Simulation environment,Underspecified,
andi,E6QZCX5R,False,Target platform (RQ1),Domain,Underspecified,
andi,E6QZCX5R,False,Target platform (RQ1),Use case,Navigation,
andi,E6QZCX5R,False,Target platform (RQ1),Location,Not applicable,
andi,E6QZCX5R,False,Target platform (RQ1),Multi Agent System,"No, i.e. one human - one robot",
andi,E6QZCX5R,False,Software characteristics (RQ2),Middleware,Mo Middleware,
andi,E6QZCX5R,False,Software characteristics (RQ2),Control algorithm,MDP-based,
andi,E6QZCX5R,False,Software characteristics (RQ2),Adaptation,None,
andi,E6QZCX5R,False,Software characteristics (RQ2),Goal of adaptation,Not applicable,
andi,E6QZCX5R,False,Explanation structure (RQ3),Intrinsic vs. post-hoc,Post-hoc,
andi,E6QZCX5R,False,Explanation structure (RQ3),Generation technique,MDP-based,
andi,E6QZCX5R,False,Explanation structure (RQ3),Explained robot part,Behaviour,
andi,E6QZCX5R,False,Explanation structure (RQ3),Explanatory question,Underspecified,
andi,E6QZCX5R,False,Explanation structure (RQ3),Planning level scope,Action level,
andi,E6QZCX5R,False,Explanation structure (RQ3),Presentation modality,Visualization,
andi,E6QZCX5R,False,Stakeholder (RQ4),HRI Type,Coexistence,
andi,E6QZCX5R,False,Stakeholder (RQ4),Motivation,Trust (increase),
andi,E6QZCX5R,False,Stakeholder (RQ4),Motivation,User understanding,
andi,E6QZCX5R,False,Stakeholder (RQ4),Stakeholder type,Underspecified,
andi,E6QZCX5R,False,Evaluation (RQ5),State of explainability,Evaluated,
andi,E6QZCX5R,False,Evaluation (RQ5),Type of explainability evaluation,"User study, Qualitative",
andi,E6QZCX5R,False,Evaluation (RQ5),Evaluation metrics,Understandability,
andi,E6QZCX5R,False,Evaluation (RQ5),Evaluation metrics,Satisfaction,
andi,3QH96RM8,False,General information,Code available?,yes,
andi,3QH96RM8,False,General information,Project status,unmaintained,
andi,3QH96RM8,False,General information,License,Other: Creative Commons Attribution 4.0 International,Other
andi,3QH96RM8,False,General information,Additional information,No additional information,
andi,3QH96RM8,False,Target platform (RQ1),Deployment,Robot simulation,
andi,3QH96RM8,False,Target platform (RQ1),Robotic device,Mobile platform,
andi,3QH96RM8,False,Target platform (RQ1),Robotic device,Drone,
andi,3QH96RM8,False,Target platform (RQ1),Simulation environment,Discussion needed: Check in replication package,Discussion needed
andi,3QH96RM8,False,Target platform (RQ1),Domain,Emergency response,
andi,3QH96RM8,False,Target platform (RQ1),Domain,Defense and security,
andi,3QH96RM8,False,Target platform (RQ1),Use case,Search and rescue,
andi,3QH96RM8,False,Target platform (RQ1),Location,Not applicable,
andi,3QH96RM8,False,Target platform (RQ1),Multi Agent System,"No, i.e. one human - one robot",
andi,3QH96RM8,False,Target platform (RQ1),Multi Agent System,One human - multiple robots,
andi,3QH96RM8,False,Software characteristics (RQ2),Middleware,Mo Middleware,
andi,3QH96RM8,False,Software characteristics (RQ2),Control algorithm,Other: MAPE-K loop,Other
andi,3QH96RM8,False,Software characteristics (RQ2),Adaptation,"Yes, autonomous adaptation",
andi,3QH96RM8,False,Software characteristics (RQ2),Goal of adaptation,Self configuration,
andi,3QH96RM8,False,Explanation structure (RQ3),Intrinsic vs. post-hoc,Pre-hoc,
andi,3QH96RM8,False,Explanation structure (RQ3),Generation technique,Other: PDP + Feature importance,Other
andi,3QH96RM8,False,Explanation structure (RQ3),Explained robot part,Behaviour,
andi,3QH96RM8,False,Explanation structure (RQ3),Explanatory question,Why,
andi,3QH96RM8,False,Explanation structure (RQ3),Planning level scope,Action level,
andi,3QH96RM8,False,Explanation structure (RQ3),Planning level scope,Sequence level,
andi,3QH96RM8,False,Explanation structure (RQ3),Presentation modality,Underspecified,
andi,3QH96RM8,False,Stakeholder (RQ4),HRI Type,No coexistence,
andi,3QH96RM8,False,Stakeholder (RQ4),Motivation,Other: Boosting efficiency in adaptation decision making,Other
andi,3QH96RM8,False,Stakeholder (RQ4),Stakeholder type,Robot itself,
andi,3QH96RM8,False,Evaluation (RQ5),State of explainability,Evaluated,
andi,3QH96RM8,False,Evaluation (RQ5),Type of explainability evaluation,"Technical (Benchmark), Quantitative",
andi,3QH96RM8,False,Evaluation (RQ5),Evaluation metrics,"Other: Efficiency in adaptation decision, success rate",Other
moritz,K5YBJ5M2,False,General information,Code available?,no,
moritz,K5YBJ5M2,False,General information,Project status,Not applicable,
moritz,K5YBJ5M2,False,General information,License,Not applicable,
moritz,K5YBJ5M2,False,General information,Additional information,"Other: Smart Grasping Sandbox Simulation in Gazebo/ROS, Fidelity reflects the descriptive accuracy of our explanation method against the black-box classifier (from Paper: ""Definitions, methods, and applications in interpretable machine learning"")",Other
moritz,K5YBJ5M2,False,Target platform (RQ1),Deployment,Robot simulation,
moritz,K5YBJ5M2,False,Target platform (RQ1),Robotic device,Manipulator (unspecified) => Use if not further specified,
moritz,K5YBJ5M2,False,Target platform (RQ1),Simulation environment,Gazebo,
moritz,K5YBJ5M2,False,Target platform (RQ1),Domain,Underspecified,
moritz,K5YBJ5M2,False,Target platform (RQ1),Use case,Manipulation,
moritz,K5YBJ5M2,False,Target platform (RQ1),Location,Laboratory,
moritz,K5YBJ5M2,False,Target platform (RQ1),Multi Agent System,"No, i.e. one human - one robot",
moritz,K5YBJ5M2,False,Software characteristics (RQ2),Middleware,ROS1,
moritz,K5YBJ5M2,False,Software characteristics (RQ2),Control algorithm,Underspecified,
moritz,K5YBJ5M2,False,Software characteristics (RQ2),Adaptation,None,
moritz,K5YBJ5M2,False,Software characteristics (RQ2),Goal of adaptation,Not applicable,
moritz,K5YBJ5M2,False,Explanation structure (RQ3),Intrinsic vs. post-hoc,Pre-hoc,
moritz,K5YBJ5M2,False,Explanation structure (RQ3),Generation technique,Other: sparse logistic regression model,Other
moritz,K5YBJ5M2,False,Explanation structure (RQ3),Explained robot part,Behaviour,
moritz,K5YBJ5M2,False,Explanation structure (RQ3),Planning level scope,Policy level,
moritz,K5YBJ5M2,False,Explanation structure (RQ3),Explanatory question,Underspecified,
moritz,K5YBJ5M2,False,Explanation structure (RQ3),Presentation modality,Plot,
moritz,K5YBJ5M2,False,Stakeholder (RQ4),HRI Type,Underspecified,
moritz,K5YBJ5M2,False,Stakeholder (RQ4),Motivation,Underspecified,
moritz,K5YBJ5M2,False,Stakeholder (RQ4),Stakeholder type,Underspecified,
moritz,K5YBJ5M2,False,Evaluation (RQ5),State of explainability,Evaluated,
moritz,K5YBJ5M2,False,Evaluation (RQ5),Evaluation metrics,Not applicable,
moritz,K5YBJ5M2,False,Evaluation (RQ5),Type of explainability evaluation,"Technical (Benchmark), Quantitative",
moritz,3UCSHXYH,False,General information,Code available?,no,
moritz,3UCSHXYH,False,General information,Project status,Not applicable,
moritz,3UCSHXYH,False,General information,License,Not applicable,
moritz,3UCSHXYH,False,General information,Additional information,"Other: Propose the ""FAMILIAR – FunctionAl user Mental model by Increased LegIbility ARchitecture"": behavior-based architecture with only two components: perception and behavior guidance for execution",Other
moritz,3UCSHXYH,False,Target platform (RQ1),Deployment,Robot simulation,
moritz,3UCSHXYH,False,Target platform (RQ1),Robotic device,Mobile manipulator,
moritz,3UCSHXYH,False,Target platform (RQ1),Simulation environment,Gazebo,
moritz,3UCSHXYH,False,Target platform (RQ1),Domain,Consumer robot,
moritz,3UCSHXYH,False,Target platform (RQ1),Use case,Underspecified,
moritz,3UCSHXYH,False,Target platform (RQ1),Location,Field,
moritz,3UCSHXYH,False,Target platform (RQ1),Multi Agent System,"No, i.e. one human - one robot",
moritz,3UCSHXYH,False,Software characteristics (RQ2),Middleware,ROS1,
moritz,3UCSHXYH,False,Software characteristics (RQ2),Control algorithm,"Other: Rule-based, self written architecture. ",Other
moritz,3UCSHXYH,False,Software characteristics (RQ2),Adaptation,None,
moritz,3UCSHXYH,False,Software characteristics (RQ2),Goal of adaptation,Not applicable,
moritz,3UCSHXYH,False,Explanation structure (RQ3),Intrinsic vs. post-hoc,Underspecified,
moritz,3UCSHXYH,False,Explanation structure (RQ3),Generation technique,Underspecified,
moritz,3UCSHXYH,False,Explanation structure (RQ3),Explained robot part,Behaviour,
moritz,3UCSHXYH,False,Explanation structure (RQ3),Planning level scope,Underspecified,
moritz,3UCSHXYH,False,Explanation structure (RQ3),Explanatory question,Underspecified,
moritz,3UCSHXYH,False,Explanation structure (RQ3),Presentation modality,Visualization,
moritz,3UCSHXYH,False,Explanation structure (RQ3),Presentation modality,Text,
moritz,3UCSHXYH,False,Stakeholder (RQ4),HRI Type,Cooperation,
moritz,3UCSHXYH,False,Stakeholder (RQ4),Motivation,Transparency,
moritz,3UCSHXYH,False,Stakeholder (RQ4),Stakeholder type,Operator / End user (non-expert),
moritz,3UCSHXYH,False,Evaluation (RQ5),State of explainability,Evaluated,
moritz,3UCSHXYH,False,Evaluation (RQ5),Evaluation metrics,Usability,
moritz,3UCSHXYH,False,Evaluation (RQ5),Evaluation metrics,"Other: Godspeed (Anthropomorphism, Likability, Perceived Intelligence), number of wrong commands by user, task success, structural knowledge and process knowledge",Other
moritz,3UCSHXYH,False,Evaluation (RQ5),Type of explainability evaluation,"User study, Quantitative",
moritz,D2DZAIXP,False,General information,Code available?,no,
moritz,D2DZAIXP,False,General information,Project status,Not applicable,
moritz,D2DZAIXP,False,General information,License,Not applicable,
moritz,D2DZAIXP,False,General information,Additional information,No additional information,
moritz,D2DZAIXP,False,Target platform (RQ1),Deployment,Robot simulation,
moritz,D2DZAIXP,False,Target platform (RQ1),Deployment,Real robot,
moritz,D2DZAIXP,False,Target platform (RQ1),Robotic device,Mobile robot (unspecified) => Use if not further specified,
moritz,D2DZAIXP,False,Target platform (RQ1),Simulation environment,"Other: Gazebo, specifically Clearpath Husky Robot simulation and the Vizanti Visualizer ROS2 packages",Other
moritz,D2DZAIXP,False,Target platform (RQ1),Domain,Underspecified,
moritz,D2DZAIXP,False,Target platform (RQ1),Use case,Navigation,
moritz,D2DZAIXP,False,Target platform (RQ1),Location,Field,
moritz,D2DZAIXP,False,Target platform (RQ1),Multi Agent System,"No, i.e. one human - one robot",
moritz,D2DZAIXP,False,Software characteristics (RQ2),Middleware,ROS2,
moritz,D2DZAIXP,False,Software characteristics (RQ2),Middleware,Other: MQTT,Other
moritz,D2DZAIXP,False,Software characteristics (RQ2),Control algorithm,BDI Agent,
moritz,D2DZAIXP,False,Software characteristics (RQ2),Adaptation,"Yes, autonomous adaptation",
moritz,D2DZAIXP,False,Software characteristics (RQ2),Goal of adaptation,Self protection,
moritz,D2DZAIXP,False,Explanation structure (RQ3),Intrinsic vs. post-hoc,Post-hoc,
moritz,D2DZAIXP,False,Explanation structure (RQ3),Generation technique,LLM-based,
moritz,D2DZAIXP,False,Explanation structure (RQ3),Explained robot part,Behaviour,
moritz,D2DZAIXP,False,Explanation structure (RQ3),Explanatory question,Underspecified,
moritz,D2DZAIXP,False,Explanation structure (RQ3),Planning level scope,Action level,
moritz,D2DZAIXP,False,Explanation structure (RQ3),Presentation modality,Text,
moritz,D2DZAIXP,False,Stakeholder (RQ4),HRI Type,Human supervision,
moritz,D2DZAIXP,False,Stakeholder (RQ4),Motivation,Transparency,
moritz,D2DZAIXP,False,Stakeholder (RQ4),Stakeholder type,Operator / End user (non-expert),
moritz,D2DZAIXP,False,Evaluation (RQ5),State of explainability,Pseudo-code,
moritz,D2DZAIXP,False,Evaluation (RQ5),Evaluation metrics,Not applicable,
moritz,D2DZAIXP,False,Evaluation (RQ5),Type of explainability evaluation,None,
moritz,RDC6P8JB,False,General information,Code available?,no,
moritz,RDC6P8JB,False,General information,Project status,Not applicable,
moritz,RDC6P8JB,False,General information,License,Not applicable,
moritz,RDC6P8JB,False,General information,Additional information,No additional information,
moritz,RDC6P8JB,False,Target platform (RQ1),Deployment,Underspecified,
moritz,RDC6P8JB,False,Target platform (RQ1),Robotic device,Underspecified,
moritz,RDC6P8JB,False,Target platform (RQ1),Simulation environment,Underspecified,
moritz,RDC6P8JB,False,Target platform (RQ1),Domain,Medical and healthcare,
moritz,RDC6P8JB,False,Target platform (RQ1),Use case,Other: recommender system,Other
moritz,RDC6P8JB,False,Target platform (RQ1),Location,Underspecified,
moritz,RDC6P8JB,False,Target platform (RQ1),Multi Agent System,"No, i.e. one human - one robot",
moritz,RDC6P8JB,False,Software characteristics (RQ2),Middleware,Underspecified,
moritz,RDC6P8JB,False,Software characteristics (RQ2),Control algorithm,Cognitive architecture,
moritz,RDC6P8JB,False,Software characteristics (RQ2),Adaptation,None,
moritz,RDC6P8JB,False,Software characteristics (RQ2),Goal of adaptation,Not applicable,
moritz,RDC6P8JB,False,Explanation structure (RQ3),Intrinsic vs. post-hoc,Intrinsic,
moritz,RDC6P8JB,False,Explanation structure (RQ3),Generation technique,LLM-based,
moritz,RDC6P8JB,False,Explanation structure (RQ3),Explained robot part,Behaviour,
moritz,RDC6P8JB,False,Explanation structure (RQ3),Explanatory question,Underspecified,
moritz,RDC6P8JB,False,Explanation structure (RQ3),Planning level scope,Goal level,
moritz,RDC6P8JB,False,Explanation structure (RQ3),Planning level scope,Sequence level,
moritz,RDC6P8JB,False,Explanation structure (RQ3),Presentation modality,Text,
moritz,RDC6P8JB,False,Stakeholder (RQ4),HRI Type,Underspecified,
moritz,RDC6P8JB,False,Stakeholder (RQ4),Motivation,Trust (increase),
moritz,RDC6P8JB,False,Stakeholder (RQ4),Motivation,Mental model alignment,
moritz,RDC6P8JB,False,Stakeholder (RQ4),Motivation,"Other: user engagement, adherence to healthy behavior (food)",Other
moritz,RDC6P8JB,False,Stakeholder (RQ4),Stakeholder type,Operator / End user (non-expert),
moritz,RDC6P8JB,False,Evaluation (RQ5),State of explainability,Pseudo-code,
moritz,RDC6P8JB,False,Evaluation (RQ5),Evaluation metrics,Underspecified,
moritz,RDC6P8JB,False,Evaluation (RQ5),Type of explainability evaluation,None,
moritz,8XFR5LPQ,False,General information,Code available?,no,
moritz,8XFR5LPQ,False,General information,Project status,Not applicable,
moritz,8XFR5LPQ,False,General information,License,Not applicable,
moritz,8XFR5LPQ,False,General information,Additional information,No additional information,
moritz,8XFR5LPQ,False,Target platform (RQ1),Deployment,Underspecified,
moritz,8XFR5LPQ,False,Target platform (RQ1),Robotic device,Autonomous underwater vehicle,
moritz,8XFR5LPQ,False,Target platform (RQ1),Simulation environment,Not applicable,
moritz,8XFR5LPQ,False,Target platform (RQ1),Domain,Underspecified,
moritz,8XFR5LPQ,False,Target platform (RQ1),Use case,Navigation,
moritz,8XFR5LPQ,False,Target platform (RQ1),Location,Underspecified,
moritz,8XFR5LPQ,False,Target platform (RQ1),Multi Agent System,One human - multiple robots,
moritz,8XFR5LPQ,False,Software characteristics (RQ2),Middleware,Other: gRPC,Other
moritz,8XFR5LPQ,False,Software characteristics (RQ2),Control algorithm,Underspecified,
moritz,8XFR5LPQ,False,Software characteristics (RQ2),Adaptation,Discussion needed: example scenario for a single asset [under water drone] could then be for it: to be launched; to transit to a survey area while avoiding an exclusion zone;,Discussion needed
moritz,8XFR5LPQ,False,Software characteristics (RQ2),Goal of adaptation,Discussion needed: example scenario for a single asset [under water drone] could then be for it: to be launched; to transit to a survey area while avoiding an exclusion zone;,Discussion needed
moritz,8XFR5LPQ,False,Explanation structure (RQ3),Intrinsic vs. post-hoc,Intrinsic,
moritz,8XFR5LPQ,False,Explanation structure (RQ3),Generation technique,Discussion needed: MIRIAM (basead on semantic represetnation of user input and data retrieval from database),Discussion needed
moritz,8XFR5LPQ,False,Explanation structure (RQ3),Explained robot part,Behaviour,
moritz,8XFR5LPQ,False,Explanation structure (RQ3),Explanatory question,Why,
moritz,8XFR5LPQ,False,Explanation structure (RQ3),Planning level scope,Goal level,
moritz,8XFR5LPQ,False,Explanation structure (RQ3),Presentation modality,Visualization,
moritz,8XFR5LPQ,False,Explanation structure (RQ3),Presentation modality,Text,
moritz,8XFR5LPQ,False,Stakeholder (RQ4),HRI Type,Underspecified,
moritz,8XFR5LPQ,False,Stakeholder (RQ4),Motivation,User understanding,
moritz,8XFR5LPQ,False,Stakeholder (RQ4),Motivation,Other: awareness,Other
moritz,8XFR5LPQ,False,Stakeholder (RQ4),Stakeholder type,Operator / End user (non-expert),
moritz,8XFR5LPQ,False,Evaluation (RQ5),State of explainability,Pseudo-code,
moritz,8XFR5LPQ,False,Evaluation (RQ5),Type of explainability evaluation,None,
moritz,8XFR5LPQ,False,Evaluation (RQ5),Evaluation metrics,"Other: understandability, awareness",Other
moritz,VPXS3RJR,False,General information,Code available?,no,
moritz,VPXS3RJR,False,General information,Project status,Not applicable,
moritz,VPXS3RJR,False,General information,License,Not applicable,
moritz,VPXS3RJR,False,General information,Additional information,No additional information,
moritz,VPXS3RJR,False,Target platform (RQ1),Deployment,Real robot,
moritz,VPXS3RJR,False,Target platform (RQ1),Deployment,Robot simulation,
moritz,VPXS3RJR,False,Target platform (RQ1),Robotic device,Discussion needed: Need multi selection here: mobile robot (husky) for user study and manipulator for performance evaluatoin,Discussion needed
moritz,VPXS3RJR,False,Target platform (RQ1),Simulation environment,Gazebo,
moritz,VPXS3RJR,False,Target platform (RQ1),Domain,Underspecified,
moritz,VPXS3RJR,False,Target platform (RQ1),Use case,Navigation,
moritz,VPXS3RJR,False,Target platform (RQ1),Location,Laboratory,
moritz,VPXS3RJR,False,Target platform (RQ1),Multi Agent System,"No, i.e. one human - one robot",
moritz,VPXS3RJR,False,Software characteristics (RQ2),Middleware,ROS1,
moritz,VPXS3RJR,False,Software characteristics (RQ2),Control algorithm,Underspecified,
moritz,VPXS3RJR,False,Software characteristics (RQ2),Adaptation,"Yes, with user involvement",
moritz,VPXS3RJR,False,Software characteristics (RQ2),Goal of adaptation,Self protection,
moritz,VPXS3RJR,False,Explanation structure (RQ3),Intrinsic vs. post-hoc,Underspecified,
moritz,VPXS3RJR,False,Explanation structure (RQ3),Generation technique,Underspecified,
moritz,VPXS3RJR,False,Explanation structure (RQ3),Explained robot part,Behaviour,
moritz,VPXS3RJR,False,Explanation structure (RQ3),Explained robot part,Perception,
moritz,VPXS3RJR,False,Explanation structure (RQ3),Explanatory question,What,
moritz,VPXS3RJR,False,Explanation structure (RQ3),Planning level scope,Action level,
moritz,VPXS3RJR,False,Explanation structure (RQ3),Planning level scope,Goal level,
moritz,VPXS3RJR,False,Explanation structure (RQ3),Presentation modality,Visualization,
moritz,VPXS3RJR,False,Explanation structure (RQ3),Presentation modality,Text,
moritz,VPXS3RJR,False,Stakeholder (RQ4),HRI Type,Human supervision,
moritz,VPXS3RJR,False,Stakeholder (RQ4),Motivation,Transparency,
moritz,VPXS3RJR,False,Stakeholder (RQ4),Motivation,Failure handling,
moritz,VPXS3RJR,False,Stakeholder (RQ4),Stakeholder type,Operator / End user (non-expert),
moritz,VPXS3RJR,False,Evaluation (RQ5),State of explainability,Evaluated,
moritz,VPXS3RJR,False,Evaluation (RQ5),Type of explainability evaluation,"User study, Quantitative",
moritz,VPXS3RJR,False,Evaluation (RQ5),Type of explainability evaluation,"Technical (Benchmark), Quantitative",
moritz,VPXS3RJR,False,Evaluation (RQ5),Evaluation metrics,User behavior (performance),
moritz,VPXS3RJR,False,Evaluation (RQ5),Evaluation metrics,Trust,
moritz,VPXS3RJR,False,Evaluation (RQ5),Evaluation metrics,Cognitive load,
moritz,YP7LB5NH,False,General information,Code available?,no,
moritz,YP7LB5NH,False,General information,Project status,Not applicable,
moritz,YP7LB5NH,False,General information,License,Not applicable,
moritz,YP7LB5NH,False,General information,Additional information,"Other: guidelines for future RFM development, with an emphasis on explainability, modularity, and robust benchmarking",Other
moritz,YP7LB5NH,False,Target platform (RQ1),Deployment,Robot simulation,
moritz,YP7LB5NH,False,Target platform (RQ1),Robotic device,Manipulator (unspecified) => Use if not further specified,
moritz,YP7LB5NH,False,Target platform (RQ1),Simulation environment,PyBullet,
moritz,YP7LB5NH,False,Target platform (RQ1),Domain,Underspecified,
moritz,YP7LB5NH,False,Target platform (RQ1),Use case,Manipulation,
moritz,YP7LB5NH,False,Target platform (RQ1),Location,Laboratory,
moritz,YP7LB5NH,False,Target platform (RQ1),Multi Agent System,"No, i.e. one human - one robot",
moritz,YP7LB5NH,False,Software characteristics (RQ2),Middleware,Underspecified,
moritz,YP7LB5NH,False,Software characteristics (RQ2),Control algorithm,Other: Robotic Foundation Model (RFM),Other
moritz,YP7LB5NH,False,Software characteristics (RQ2),Adaptation,Discussion needed: @Andi: RFM are self adaptive by design I guess. But wanted to confirm with you. They,Discussion needed
moritz,YP7LB5NH,False,Software characteristics (RQ2),Goal of adaptation,Discussion needed: see adapation,Discussion needed
moritz,YP7LB5NH,False,Explanation structure (RQ3),Intrinsic vs. post-hoc,Post-hoc,
moritz,YP7LB5NH,False,Explanation structure (RQ3),Generation technique,DL-based,
moritz,YP7LB5NH,False,Explanation structure (RQ3),Explained robot part,Discussion needed: Are heatmaps from a third person perspective behavior explanations? (See figures),Discussion needed
moritz,YP7LB5NH,False,Explanation structure (RQ3),Explanatory question,Underspecified,
moritz,YP7LB5NH,False,Explanation structure (RQ3),Planning level scope,Action level,
moritz,YP7LB5NH,False,Explanation structure (RQ3),Presentation modality,Plot,
moritz,YP7LB5NH,False,Stakeholder (RQ4),HRI Type,Underspecified,
moritz,YP7LB5NH,False,Stakeholder (RQ4),Motivation,Underspecified,
moritz,YP7LB5NH,False,Stakeholder (RQ4),Stakeholder type,Developer,
moritz,YP7LB5NH,False,Evaluation (RQ5),State of explainability,Implementation,
moritz,YP7LB5NH,False,Evaluation (RQ5),Type of explainability evaluation,Discussion needed: They evaluate a robotic foundation model based on heatmaps claiming benchmarks alone are not sufficient. So this is not a benchmark in the traditional sense. Maybe a qualitative technical evaluation?,Discussion needed
moritz,YP7LB5NH,False,Evaluation (RQ5),Evaluation metrics,Not applicable,
moritz,ECNJ7ST7,False,General information,Code available?,no,
moritz,ECNJ7ST7,False,General information,Project status,Not applicable,
moritz,ECNJ7ST7,False,General information,License,Not applicable,
moritz,ECNJ7ST7,False,General information,Additional information,"Other: They evaluated the expainability on four dimensions: Input/output,why/ why-not, how, how to (see section 3.3)",Other
moritz,ECNJ7ST7,False,Target platform (RQ1),Deployment,Robot simulation,
moritz,ECNJ7ST7,False,Target platform (RQ1),Robotic device,Mobile manipulator,
moritz,ECNJ7ST7,False,Target platform (RQ1),Simulation environment,Unity,
moritz,ECNJ7ST7,False,Target platform (RQ1),Domain,Underspecified,
moritz,ECNJ7ST7,False,Target platform (RQ1),Use case,Inspection,
moritz,ECNJ7ST7,False,Target platform (RQ1),Location,Laboratory,
moritz,ECNJ7ST7,False,Target platform (RQ1),Multi Agent System,"Discussion needed: this is a single human single robot but the agent controlling the robot consits of several agents (speech agent, llm agent, human behavior agent, ...)",Discussion needed
moritz,ECNJ7ST7,False,Software characteristics (RQ2),Middleware,Underspecified,
moritz,ECNJ7ST7,False,Software characteristics (RQ2),Control algorithm,Underspecified,
moritz,ECNJ7ST7,False,Software characteristics (RQ2),Adaptation,Underspecified,
moritz,ECNJ7ST7,False,Software characteristics (RQ2),Goal of adaptation,Underspecified,
moritz,ECNJ7ST7,False,Explanation structure (RQ3),Intrinsic vs. post-hoc,Underspecified,
moritz,ECNJ7ST7,False,Explanation structure (RQ3),Generation technique,LLM-based,
moritz,ECNJ7ST7,False,Explanation structure (RQ3),Generation technique,Underspecified,
moritz,ECNJ7ST7,False,Explanation structure (RQ3),Explained robot part,Perception,
moritz,ECNJ7ST7,False,Explanation structure (RQ3),Explained robot part,Behaviour,
moritz,ECNJ7ST7,False,Explanation structure (RQ3),Explanatory question,Why,
moritz,ECNJ7ST7,False,Explanation structure (RQ3),Explanatory question,What,
moritz,ECNJ7ST7,False,Explanation structure (RQ3),Planning level scope,Goal level,
moritz,ECNJ7ST7,False,Explanation structure (RQ3),Planning level scope,Sequence level,
moritz,ECNJ7ST7,False,Explanation structure (RQ3),Presentation modality,Visualization,
moritz,ECNJ7ST7,False,Explanation structure (RQ3),Presentation modality,Text,
moritz,ECNJ7ST7,False,Stakeholder (RQ4),HRI Type,Human robot teaming,
moritz,ECNJ7ST7,False,Stakeholder (RQ4),Motivation,Transparency,
moritz,ECNJ7ST7,False,Stakeholder (RQ4),Stakeholder type,Operator / End user (non-expert),
moritz,ECNJ7ST7,False,Evaluation (RQ5),State of explainability,Evaluated,
moritz,ECNJ7ST7,False,Evaluation (RQ5),Type of explainability evaluation,"User study, Quantitative",
moritz,ECNJ7ST7,False,Evaluation (RQ5),Evaluation metrics,Usability,
moritz,ECNJ7ST7,False,Evaluation (RQ5),Evaluation metrics,"Other: robot data usage for decision making,why/ why-not, how, how to (explaination dimensions)",Other
moritz,L9FN44UX,False,General information,Code available?,yes,
moritz,L9FN44UX,False,General information,Project status,unmaintained,
moritz,L9FN44UX,False,General information,License,Underspecified,
moritz,L9FN44UX,False,General information,Additional information,"Other: two-stage architecture, which first generates an explanation and then personalises it",Other
moritz,L9FN44UX,False,Target platform (RQ1),Deployment,Not applicable,
moritz,L9FN44UX,False,Target platform (RQ1),Robotic device,Manipulator (unspecified) => Use if not further specified,
moritz,L9FN44UX,False,Target platform (RQ1),Robotic device,Mobile robot (unspecified) => Use if not further specified,
moritz,L9FN44UX,False,Target platform (RQ1),Simulation environment,Not applicable,
moritz,L9FN44UX,False,Target platform (RQ1),Domain,Defense and security,
moritz,L9FN44UX,False,Target platform (RQ1),Domain,Consumer robot,
moritz,L9FN44UX,False,Target platform (RQ1),Use case,Manipulation,
moritz,L9FN44UX,False,Target platform (RQ1),Use case,"Discussion needed: ""robot is tasked to alert the nursing staff in case of hazardous situations for the patients, e.g., a fallen patient on the floor, as well as for internal failures"" -> Insepction or S&R?",Discussion needed
moritz,L9FN44UX,False,Target platform (RQ1),Location,Underspecified,
moritz,L9FN44UX,False,Target platform (RQ1),Multi Agent System,"No, i.e. one human - one robot",
moritz,L9FN44UX,False,Target platform (RQ1),Multi Agent System,"Discussion needed: ""alert the nursing staff"" --> one human multiple humans?",Discussion needed
moritz,L9FN44UX,False,Software characteristics (RQ2),Middleware,Not applicable,
moritz,L9FN44UX,False,Software characteristics (RQ2),Control algorithm,Underspecified,
moritz,L9FN44UX,False,Software characteristics (RQ2),Adaptation,None,
moritz,L9FN44UX,False,Software characteristics (RQ2),Goal of adaptation,Not applicable,
moritz,L9FN44UX,False,Explanation structure (RQ3),Intrinsic vs. post-hoc,Post-hoc,
moritz,L9FN44UX,False,Explanation structure (RQ3),Generation technique,LLM-based,
moritz,L9FN44UX,False,Explanation structure (RQ3),Explained robot part,Underspecified,
moritz,L9FN44UX,False,Explanation structure (RQ3),Explanatory question,Why,
moritz,L9FN44UX,False,Explanation structure (RQ3),Explanatory question,What,
moritz,L9FN44UX,False,Explanation structure (RQ3),Explanatory question,How,
moritz,L9FN44UX,False,Explanation structure (RQ3),Planning level scope,Underspecified,
moritz,L9FN44UX,False,Explanation structure (RQ3),Presentation modality,Underspecified,
moritz,L9FN44UX,False,Stakeholder (RQ4),HRI Type,Underspecified,
moritz,L9FN44UX,False,Stakeholder (RQ4),HRI Type,Coexistence,
moritz,L9FN44UX,False,Stakeholder (RQ4),Motivation,Discussion needed: personalization of explanations,Discussion needed
moritz,L9FN44UX,False,Stakeholder (RQ4),Stakeholder type,Operator / End user (non-expert),
moritz,L9FN44UX,False,Evaluation (RQ5),State of explainability,Evaluated,
moritz,L9FN44UX,False,Evaluation (RQ5),Type of explainability evaluation,"Technical (Benchmark), Quantitative",
moritz,L9FN44UX,False,Evaluation (RQ5),Evaluation metrics,Not applicable,
moritz,L9FN44UX,False,Evaluation (RQ5),Evaluation metrics,Other: Technical: prompt and response token size,Other
moritz,KVHPBABP,False,General information,Code available?,no,
moritz,KVHPBABP,False,General information,Project status,Not applicable,
moritz,KVHPBABP,False,General information,License,Not applicable,
moritz,KVHPBABP,False,General information,Additional information,No additional information,
moritz,KVHPBABP,False,Target platform (RQ1),Deployment,Robot simulation,
moritz,KVHPBABP,False,Target platform (RQ1),Robotic device,Mobile robot (unspecified) => Use if not further specified,
moritz,KVHPBABP,False,Target platform (RQ1),Simulation environment,Unity,
moritz,KVHPBABP,False,Target platform (RQ1),Domain,Underspecified,
moritz,KVHPBABP,False,Target platform (RQ1),Use case,Navigation,
moritz,KVHPBABP,False,Target platform (RQ1),Location,Laboratory,
moritz,KVHPBABP,False,Target platform (RQ1),Multi Agent System,"No, i.e. one human - one robot",
moritz,KVHPBABP,False,Software characteristics (RQ2),Middleware,Other: python server via socket communication,Other
moritz,KVHPBABP,False,Software characteristics (RQ2),Control algorithm,RL,
moritz,KVHPBABP,False,Software characteristics (RQ2),Adaptation,"Yes, autonomous adaptation",
moritz,KVHPBABP,False,Software characteristics (RQ2),Goal of adaptation,Self protection,
moritz,KVHPBABP,False,Explanation structure (RQ3),Intrinsic vs. post-hoc,Post-hoc,
moritz,KVHPBABP,False,Explanation structure (RQ3),Generation technique,DL-based,
moritz,KVHPBABP,False,Explanation structure (RQ3),Explained robot part,Perception,
moritz,KVHPBABP,False,Explanation structure (RQ3),Explanatory question,Underspecified,
moritz,KVHPBABP,False,Explanation structure (RQ3),Planning level scope,Action level,
moritz,KVHPBABP,False,Explanation structure (RQ3),Planning level scope,Policy level,
moritz,KVHPBABP,False,Explanation structure (RQ3),Presentation modality,Visualization,
moritz,KVHPBABP,False,Explanation structure (RQ3),Presentation modality,Plot,
moritz,KVHPBABP,False,Stakeholder (RQ4),HRI Type,Human supervision,
moritz,KVHPBABP,False,Stakeholder (RQ4),Motivation,Trust (unspecified),
moritz,KVHPBABP,False,Stakeholder (RQ4),Motivation,User understanding,
moritz,KVHPBABP,False,Stakeholder (RQ4),Stakeholder type,Operator / End user (non-expert),
moritz,KVHPBABP,False,Evaluation (RQ5),State of explainability,Evaluated,
moritz,KVHPBABP,False,Evaluation (RQ5),Type of explainability evaluation,"User study, Quantitative",
moritz,KVHPBABP,False,Evaluation (RQ5),Evaluation metrics,Understandability,
moritz,KVHPBABP,False,Evaluation (RQ5),Evaluation metrics,Trust,
moritz,KVHPBABP,False,Evaluation (RQ5),Evaluation metrics,"Other: plausability, SIPA scale",Other
moritz,9BFGZQSZ,True,General information,Code available?,"Discussion needed: They publish the ASTERISC to ROS-2 bridge here: https://github.com/fjrodl/astericsgrid_ros. Technically, this is part of the user study code, not all of it.",Discussion needed
moritz,9BFGZQSZ,True,General information,Project status,maintained,
moritz,9BFGZQSZ,True,General information,License,Apache,
moritz,9BFGZQSZ,True,General information,Additional information,No additional information,
moritz,9BFGZQSZ,True,Target platform (RQ1),Deployment,Not applicable,
moritz,9BFGZQSZ,True,Target platform (RQ1),Robotic device,Underspecified,
moritz,9BFGZQSZ,True,Target platform (RQ1),Simulation environment,Not applicable,
moritz,9BFGZQSZ,True,Target platform (RQ1),Domain,Underspecified,
moritz,9BFGZQSZ,True,Target platform (RQ1),Use case,Underspecified,
moritz,9BFGZQSZ,True,Target platform (RQ1),Location,Not applicable,
moritz,9BFGZQSZ,True,Target platform (RQ1),Multi Agent System,Underspecified,
moritz,9BFGZQSZ,True,Software characteristics (RQ2),Middleware,ROS2,
moritz,9BFGZQSZ,True,Software characteristics (RQ2),Control algorithm,Underspecified,
moritz,9BFGZQSZ,True,Software characteristics (RQ2),Adaptation,None,
moritz,9BFGZQSZ,True,Software characteristics (RQ2),Goal of adaptation,Not applicable,
moritz,9BFGZQSZ,True,Explanation structure (RQ3),Intrinsic vs. post-hoc,Underspecified,
moritz,MSCLRCYF,False,General information,Code available?,yes,
moritz,MSCLRCYF,False,General information,Project status,unmaintained,
moritz,MSCLRCYF,False,General information,License,MIT,
moritz,MSCLRCYF,False,General information,Additional information,No additional information,
moritz,MSCLRCYF,False,Target platform (RQ1),Deployment,Robot simulation,
moritz,MSCLRCYF,False,Target platform (RQ1),Robotic device,Underspecified,
moritz,MSCLRCYF,False,Target platform (RQ1),Simulation environment,Underspecified,
moritz,MSCLRCYF,False,Target platform (RQ1),Domain,Consumer robot,
moritz,MSCLRCYF,False,Target platform (RQ1),Use case,Manipulation,
moritz,MSCLRCYF,False,Target platform (RQ1),Location,Underspecified,
moritz,MSCLRCYF,False,Target platform (RQ1),Multi Agent System,"No, i.e. one human - one robot",
moritz,MSCLRCYF,False,Software characteristics (RQ2),Middleware,Underspecified,
moritz,MSCLRCYF,False,Software characteristics (RQ2),Control algorithm,BDI Agent,
moritz,MSCLRCYF,False,Software characteristics (RQ2),Adaptation,Underspecified,
moritz,MSCLRCYF,False,Software characteristics (RQ2),Goal of adaptation,Underspecified,
moritz,MSCLRCYF,False,Explanation structure (RQ3),Intrinsic vs. post-hoc,Underspecified,
moritz,MSCLRCYF,False,Explanation structure (RQ3),Generation technique,Rule-based,
moritz,MSCLRCYF,False,Explanation structure (RQ3),Explained robot part,Underspecified,
moritz,MSCLRCYF,False,Explanation structure (RQ3),Explanatory question,Underspecified,
moritz,MSCLRCYF,False,Explanation structure (RQ3),Planning level scope,Underspecified,
moritz,MSCLRCYF,False,Explanation structure (RQ3),Presentation modality,Underspecified,
moritz,MSCLRCYF,False,Stakeholder (RQ4),HRI Type,Human supervision,
moritz,MSCLRCYF,False,Stakeholder (RQ4),Motivation,Mental model alignment,
moritz,MSCLRCYF,False,Stakeholder (RQ4),Stakeholder type,Operator / End user (non-expert),
moritz,MSCLRCYF,False,Evaluation (RQ5),State of explainability,Evaluated,
moritz,MSCLRCYF,False,Evaluation (RQ5),Type of explainability evaluation,"User study, Quantitative",
moritz,MSCLRCYF,False,Evaluation (RQ5),Evaluation metrics,"Other: Desire for explanation, Perceived surprise, Usefullnes",Other
moritz,GEAZVDJN,False,General information,Code available?,no,
moritz,GEAZVDJN,False,General information,Project status,Not applicable,
moritz,GEAZVDJN,False,General information,License,Not applicable,
moritz,GEAZVDJN,False,General information,Additional information,No additional information,
moritz,GEAZVDJN,False,Target platform (RQ1),Deployment,Real robot,
moritz,GEAZVDJN,False,Target platform (RQ1),Robotic device,Mobile robot (unspecified) => Use if not further specified,
moritz,GEAZVDJN,False,Target platform (RQ1),Simulation environment,Not applicable,
moritz,GEAZVDJN,False,Target platform (RQ1),Domain,Underspecified,
moritz,GEAZVDJN,False,Target platform (RQ1),Use case,Navigation,
moritz,GEAZVDJN,False,Target platform (RQ1),Location,Laboratory,
moritz,GEAZVDJN,False,Target platform (RQ1),Multi Agent System,Multiple humans - one robot,
moritz,GEAZVDJN,False,Software characteristics (RQ2),Middleware,ROS1,
moritz,GEAZVDJN,False,Software characteristics (RQ2),Middleware,ROS2,
moritz,GEAZVDJN,False,Software characteristics (RQ2),Control algorithm,Underspecified,
moritz,GEAZVDJN,False,Software characteristics (RQ2),Adaptation,"Yes, autonomous adaptation",
moritz,GEAZVDJN,False,Software characteristics (RQ2),Goal of adaptation,Self protection,
moritz,GEAZVDJN,False,Explanation structure (RQ3),Intrinsic vs. post-hoc,Post-hoc,
moritz,GEAZVDJN,False,Explanation structure (RQ3),Generation technique,LLM-based,
moritz,GEAZVDJN,False,Explanation structure (RQ3),Generation technique,DL-based,
moritz,GEAZVDJN,False,Explanation structure (RQ3),Generation technique,"Other: vision language foundation models, Bootstrapping language-image pre-training for unified vision-language understanding and generation (BLIP), ""The robot is equipped with a modular explainability model implemented as four ROS2 nodes, 1) Camera Node, 2) BLIP Node, 3) Heatmap Node, and 4) LLM node""",Other
moritz,GEAZVDJN,False,Explanation structure (RQ3),Explained robot part,Perception,
moritz,GEAZVDJN,False,Explanation structure (RQ3),Explained robot part,Behaviour,
moritz,GEAZVDJN,False,Explanation structure (RQ3),Explanatory question,Underspecified,
moritz,GEAZVDJN,False,Explanation structure (RQ3),Planning level scope,Goal level,
moritz,GEAZVDJN,False,Explanation structure (RQ3),Presentation modality,Speech,
moritz,GEAZVDJN,False,Stakeholder (RQ4),HRI Type,Coexistence,
moritz,GEAZVDJN,False,Stakeholder (RQ4),Motivation,Transparency,
moritz,GEAZVDJN,False,Stakeholder (RQ4),Stakeholder type,Bystander,
moritz,GEAZVDJN,False,Evaluation (RQ5),State of explainability,Evaluated,
moritz,GEAZVDJN,False,Evaluation (RQ5),Type of explainability evaluation,"User study, Quantitative",
moritz,GEAZVDJN,False,Evaluation (RQ5),Evaluation metrics,Trust,
moritz,GEAZVDJN,False,Evaluation (RQ5),Evaluation metrics,Understandability,
moritz,GEAZVDJN,False,Evaluation (RQ5),Evaluation metrics,"Other: see TABLE II, missing in this answer is mapping of ""The information provided by the robot was clear and useful"" and ""I felt more in control when explanations were given""",Other
moritz,CG7GGI82,False,General information,Code available?,no,
moritz,CG7GGI82,False,General information,Project status,Not applicable,
moritz,CG7GGI82,False,General information,License,Not applicable,
moritz,CG7GGI82,False,General information,Additional information,No additional information,
moritz,CG7GGI82,False,Target platform (RQ1),Deployment,Robot recording,
moritz,CG7GGI82,False,Target platform (RQ1),Robotic device,Humanoid robot,
moritz,CG7GGI82,False,Target platform (RQ1),Robotic device,Mobile manipulator,
moritz,CG7GGI82,False,Target platform (RQ1),Simulation environment,Not applicable,
moritz,CG7GGI82,False,Target platform (RQ1),Domain,Consumer robot,
moritz,CG7GGI82,False,Target platform (RQ1),Use case,Other: Houshold chores,Other
moritz,CG7GGI82,False,Target platform (RQ1),Location,Not applicable,
moritz,CG7GGI82,False,Target platform (RQ1),Multi Agent System,Underspecified,
moritz,CG7GGI82,False,Software characteristics (RQ2),Middleware,Not applicable,
moritz,CG7GGI82,False,Software characteristics (RQ2),Control algorithm,Underspecified,
moritz,CG7GGI82,False,Software characteristics (RQ2),Adaptation,"Yes, autonomous adaptation",
moritz,CG7GGI82,False,Software characteristics (RQ2),Goal of adaptation,"Discussion needed: The system generates actions based on perceived social situations and is expected to adapt it's plan accordingly -> Self configuration? The paper also works a lot on a dataset, and no actual robot. Is this even applicable in this situation?",Discussion needed
moritz,CG7GGI82,False,Explanation structure (RQ3),Intrinsic vs. post-hoc,Post-hoc,
moritz,CG7GGI82,False,Explanation structure (RQ3),Generation technique,LLM-based,
moritz,CG7GGI82,False,Explanation structure (RQ3),Explained robot part,Perception,
moritz,CG7GGI82,False,Explanation structure (RQ3),Explanatory question,Underspecified,
moritz,CG7GGI82,False,Explanation structure (RQ3),Planning level scope,Policy level,
moritz,CG7GGI82,False,Explanation structure (RQ3),Presentation modality,Text,
moritz,CG7GGI82,False,Stakeholder (RQ4),HRI Type,Coexistence,
moritz,CG7GGI82,False,Stakeholder (RQ4),Motivation,Underspecified,
moritz,CG7GGI82,False,Stakeholder (RQ4),Stakeholder type,Bystander,
moritz,CG7GGI82,False,Evaluation (RQ5),State of explainability,Evaluated,
moritz,CG7GGI82,False,Evaluation (RQ5),Type of explainability evaluation,"Technical (Benchmark), Quantitative",
moritz,CG7GGI82,False,Evaluation (RQ5),Type of explainability evaluation,"Discussion needed: ""To better understand the quantitative results of GRACE, we [the authors] qualitatively assessed the explanations it generated as shown in Figure 3."" This is neither user study nor a technical qualitative analysis?",Discussion needed
moritz,CG7GGI82,False,Evaluation (RQ5),Evaluation metrics,Not applicable,
moritz,2DBEW6N5,False,General information,Code available?,no,
moritz,2DBEW6N5,False,General information,Project status,Not applicable,
moritz,2DBEW6N5,False,General information,License,Not applicable,
moritz,2DBEW6N5,False,General information,Additional information,"Other: Proposes Explanation Types: Justification, Failure Analysis, Goal/Plan Explanation",Other
moritz,2DBEW6N5,False,Target platform (RQ1),Deployment,Robot simulation,
moritz,2DBEW6N5,False,Target platform (RQ1),Robotic device,Manipulator (unspecified) => Use if not further specified,
moritz,2DBEW6N5,False,Target platform (RQ1),Simulation environment,Other: robosuite,Other
moritz,2DBEW6N5,False,Target platform (RQ1),Domain,Consumer robot,
moritz,2DBEW6N5,False,Target platform (RQ1),Use case,Manipulation,
moritz,2DBEW6N5,False,Target platform (RQ1),Location,Laboratory,
moritz,2DBEW6N5,False,Target platform (RQ1),Multi Agent System,"No, i.e. one human - one robot",
moritz,2DBEW6N5,False,Software characteristics (RQ2),Middleware,Underspecified,
moritz,2DBEW6N5,False,Software characteristics (RQ2),Control algorithm,"Other: Large Multimodal Models (LMMs), VLA model",Other
moritz,2DBEW6N5,False,Software characteristics (RQ2),Adaptation,Underspecified,
moritz,2DBEW6N5,False,Software characteristics (RQ2),Goal of adaptation,Underspecified,
moritz,2DBEW6N5,False,Explanation structure (RQ3),Intrinsic vs. post-hoc,Post-hoc,
moritz,2DBEW6N5,False,Explanation structure (RQ3),Generation technique,LLM-based,
moritz,2DBEW6N5,False,Explanation structure (RQ3),Explained robot part,Behaviour,
moritz,2DBEW6N5,False,Explanation structure (RQ3),Explained robot part,Perception,
moritz,2DBEW6N5,False,Explanation structure (RQ3),Explanatory question,Underspecified,
moritz,2DBEW6N5,False,Explanation structure (RQ3),Planning level scope,Action level,
moritz,2DBEW6N5,False,Explanation structure (RQ3),Planning level scope,Sequence level,
moritz,2DBEW6N5,False,Explanation structure (RQ3),Planning level scope,Goal level,
moritz,2DBEW6N5,False,Explanation structure (RQ3),Presentation modality,Speech,
moritz,2DBEW6N5,False,Stakeholder (RQ4),HRI Type,Underspecified,
moritz,2DBEW6N5,False,Stakeholder (RQ4),Motivation,Trust (unspecified),
moritz,2DBEW6N5,False,Stakeholder (RQ4),Motivation,Debugging,
moritz,2DBEW6N5,False,Stakeholder (RQ4),Motivation,Safety,
moritz,2DBEW6N5,False,Stakeholder (RQ4),Motivation,Transparency,
moritz,2DBEW6N5,False,Stakeholder (RQ4),Stakeholder type,Underspecified,
moritz,2DBEW6N5,False,Evaluation (RQ5),State of explainability,Evaluated,
moritz,2DBEW6N5,False,Evaluation (RQ5),Type of explainability evaluation,"Technical (Benchmark), Quantitative",
moritz,2DBEW6N5,False,Evaluation (RQ5),Type of explainability evaluation,"User study, Quantitative",
moritz,2DBEW6N5,False,Evaluation (RQ5),Evaluation metrics,Accuracy of the explanation,
moritz,2DBEW6N5,False,Evaluation (RQ5),Evaluation metrics,"Other: Clarity: Is the explanation easy to understand?; Usefullness; Techncial: BLEU-4, ROUGE-L (F1)",Other
moritz,QDVPCRZD,False,General information,Code available?,no,
moritz,QDVPCRZD,False,General information,Project status,Not applicable,
moritz,QDVPCRZD,False,General information,License,Not applicable,
moritz,QDVPCRZD,False,General information,Additional information,No additional information,
moritz,QDVPCRZD,False,Target platform (RQ1),Deployment,Real robot,
moritz,QDVPCRZD,False,Target platform (RQ1),Deployment,Robot simulation,
moritz,QDVPCRZD,False,Target platform (RQ1),Robotic device,Mobile robot (unspecified) => Use if not further specified,
moritz,QDVPCRZD,False,Target platform (RQ1),Simulation environment,Other: matlab,Other
moritz,QDVPCRZD,False,Target platform (RQ1),Domain,Consumer robot,
moritz,QDVPCRZD,False,Target platform (RQ1),Use case,Collision avoidance,
moritz,QDVPCRZD,False,Target platform (RQ1),Location,Laboratory,
moritz,QDVPCRZD,False,Target platform (RQ1),Multi Agent System,Multiple humans - one robot,
moritz,QDVPCRZD,False,Software characteristics (RQ2),Middleware,Underspecified,
moritz,QDVPCRZD,False,Software characteristics (RQ2),Control algorithm,Underspecified,
moritz,QDVPCRZD,False,Software characteristics (RQ2),Adaptation,"Yes, autonomous adaptation",
moritz,QDVPCRZD,False,Software characteristics (RQ2),Goal of adaptation,Self protection,
moritz,QDVPCRZD,False,Explanation structure (RQ3),Intrinsic vs. post-hoc,Intrinsic,
moritz,QDVPCRZD,False,Explanation structure (RQ3),Generation technique,Tree-based,
moritz,QDVPCRZD,False,Explanation structure (RQ3),Explained robot part,Perception,
moritz,QDVPCRZD,False,Explanation structure (RQ3),Explanatory question,Underspecified,
moritz,QDVPCRZD,False,Explanation structure (RQ3),Planning level scope,Action level,
moritz,QDVPCRZD,False,Explanation structure (RQ3),Presentation modality,Underspecified,
moritz,QDVPCRZD,False,Stakeholder (RQ4),HRI Type,Coexistence,
moritz,QDVPCRZD,False,Stakeholder (RQ4),Motivation,Intent communication,
moritz,QDVPCRZD,False,Stakeholder (RQ4),Stakeholder type,Bystander,
moritz,QDVPCRZD,False,Evaluation (RQ5),State of explainability,Evaluated,
moritz,QDVPCRZD,False,Evaluation (RQ5),Type of explainability evaluation,"Technical (Benchmark), Quantitative",
moritz,QDVPCRZD,False,Evaluation (RQ5),Evaluation metrics,Not applicable,
moritz,QDVPCRZD,False,Evaluation (RQ5),Evaluation metrics,Other: Technical: success rate,Other
moritz,S5XL8MRP,False,General information,Code available?,yes,
moritz,S5XL8MRP,False,General information,Project status,unmaintained,
moritz,S5XL8MRP,False,General information,License,Underspecified,
moritz,S5XL8MRP,False,General information,Additional information,No additional information,
moritz,S5XL8MRP,False,Target platform (RQ1),Deployment,Underspecified,
moritz,S5XL8MRP,False,Target platform (RQ1),Robotic device,Underspecified,
moritz,S5XL8MRP,False,Target platform (RQ1),Simulation environment,Underspecified,
moritz,S5XL8MRP,False,Target platform (RQ1),Domain,Underspecified,
moritz,S5XL8MRP,False,Target platform (RQ1),Use case,Collision avoidance,
moritz,S5XL8MRP,False,Target platform (RQ1),Location,Underspecified,
moritz,S5XL8MRP,False,Target platform (RQ1),Multi Agent System,"Discussion needed: multiple robots, no humans",Discussion needed
moritz,S5XL8MRP,False,Software characteristics (RQ2),Middleware,Underspecified,
moritz,S5XL8MRP,False,Software characteristics (RQ2),Control algorithm,Other: Rapidly-exploring random trees: A new tool for path planning (RRT) and Path planning in expansive configuration spaces (EST),Other
moritz,S5XL8MRP,False,Software characteristics (RQ2),Adaptation,"Yes, autonomous adaptation",
moritz,S5XL8MRP,False,Software characteristics (RQ2),Goal of adaptation,Self protection,
moritz,S5XL8MRP,False,Explanation structure (RQ3),Intrinsic vs. post-hoc,Intrinsic,
moritz,S5XL8MRP,False,Explanation structure (RQ3),Generation technique,Tree-based,
moritz,S5XL8MRP,False,Explanation structure (RQ3),Explained robot part,Behaviour,
moritz,S5XL8MRP,False,Explanation structure (RQ3),Explanatory question,Underspecified,
moritz,S5XL8MRP,False,Explanation structure (RQ3),Planning level scope,Underspecified,
moritz,S5XL8MRP,False,Explanation structure (RQ3),Planning level scope,Goal level,
moritz,S5XL8MRP,False,Explanation structure (RQ3),Presentation modality,Plot,
moritz,S5XL8MRP,False,Stakeholder (RQ4),HRI Type,Human supervision,
moritz,S5XL8MRP,False,Stakeholder (RQ4),Motivation,Safety,
moritz,S5XL8MRP,False,Stakeholder (RQ4),Stakeholder type,Underspecified,
moritz,S5XL8MRP,False,Evaluation (RQ5),State of explainability,Evaluated,
moritz,S5XL8MRP,False,Evaluation (RQ5),Type of explainability evaluation,"Technical (Benchmark), Quantitative",
moritz,S5XL8MRP,False,Evaluation (RQ5),Evaluation metrics,Not applicable,
moritz,S5XL8MRP,False,Evaluation (RQ5),Evaluation metrics,"Other: Technical: # Solns. Found (%), Runtime (s),  Runtime Success (s),  Ave. Cost,  Segment  Time (s), States added",Other
moritz,B842X44I,True,General information,Code available?,no,
moritz,B842X44I,True,General information,Project status,Not applicable,
moritz,B842X44I,True,General information,License,Not applicable,
moritz,B842X44I,True,General information,Additional information,No additional information,
moritz,B842X44I,True,Target platform (RQ1),Deployment,"Discussion needed: robot replaced by static camera, but application scernario should include robot later on.",Discussion needed
moritz,WJ4N4L8G,False,General information,Code available?,yes,
moritz,WJ4N4L8G,False,General information,Project status,unmaintained,
moritz,WJ4N4L8G,False,General information,License,Underspecified,
moritz,WJ4N4L8G,False,General information,Additional information,Other: extensive definition about coherence of explanations,Other
moritz,WJ4N4L8G,False,Target platform (RQ1),Deployment,Robot simulation,
moritz,WJ4N4L8G,False,Target platform (RQ1),Deployment,Robot recording,
moritz,WJ4N4L8G,False,Target platform (RQ1),Robotic device,Underspecified,
moritz,WJ4N4L8G,False,Target platform (RQ1),Simulation environment,Other: ai2thor,Other
moritz,WJ4N4L8G,False,Target platform (RQ1),Domain,Consumer robot,
moritz,WJ4N4L8G,False,Target platform (RQ1),Use case,Navigation,
moritz,WJ4N4L8G,False,Target platform (RQ1),Use case,Manipulation,
moritz,WJ4N4L8G,False,Target platform (RQ1),Location,Laboratory,
moritz,WJ4N4L8G,False,Target platform (RQ1),Multi Agent System,"No, i.e. one human - one robot",
moritz,WJ4N4L8G,False,Software characteristics (RQ2),Middleware,Not applicable,
moritz,WJ4N4L8G,False,Software characteristics (RQ2),Control algorithm,Underspecified,
moritz,WJ4N4L8G,False,Software characteristics (RQ2),Adaptation,None,
moritz,WJ4N4L8G,False,Software characteristics (RQ2),Goal of adaptation,Not applicable,
moritz,WJ4N4L8G,False,Explanation structure (RQ3),Intrinsic vs. post-hoc,Underspecified,
moritz,WJ4N4L8G,False,Explanation structure (RQ3),Generation technique,LLM-based,
moritz,WJ4N4L8G,False,Explanation structure (RQ3),Explained robot part,Perception,
moritz,WJ4N4L8G,False,Explanation structure (RQ3),Explained robot part,Behaviour,
moritz,WJ4N4L8G,False,Explanation structure (RQ3),Explanatory question,Underspecified,
moritz,WJ4N4L8G,False,Explanation structure (RQ3),Planning level scope,Underspecified,
moritz,WJ4N4L8G,False,Explanation structure (RQ3),Presentation modality,Visualization,
moritz,WJ4N4L8G,False,Explanation structure (RQ3),Presentation modality,Text,
moritz,WJ4N4L8G,False,Stakeholder (RQ4),HRI Type,Underspecified,
moritz,WJ4N4L8G,False,Stakeholder (RQ4),Motivation,Failure handling,
moritz,WJ4N4L8G,False,Stakeholder (RQ4),Stakeholder type,Operator / End user (non-expert),
moritz,WJ4N4L8G,False,Evaluation (RQ5),State of explainability,Evaluated,
moritz,WJ4N4L8G,False,Evaluation (RQ5),Type of explainability evaluation,"Technical (Benchmark), Quantitative",
moritz,WJ4N4L8G,False,Evaluation (RQ5),Evaluation metrics,Not applicable,
moritz,WJ4N4L8G,False,Evaluation (RQ5),Evaluation metrics,Other: Technical: coherence of multiple explanations by bert models,Other
moritz,FNMPTYYT,False,General information,Code available?,no,
moritz,FNMPTYYT,False,General information,Project status,Not applicable,
moritz,FNMPTYYT,False,General information,License,Not applicable,
moritz,FNMPTYYT,False,General information,Additional information,No additional information,
moritz,FNMPTYYT,False,Target platform (RQ1),Deployment,Robot simulation,
moritz,FNMPTYYT,False,Target platform (RQ1),Deployment,Robot recording,
moritz,FNMPTYYT,False,Target platform (RQ1),Robotic device,Mobile manipulator,
moritz,FNMPTYYT,False,Target platform (RQ1),Simulation environment,Other: ai2thor,Other
moritz,FNMPTYYT,False,Target platform (RQ1),Domain,Consumer robot,
moritz,FNMPTYYT,False,Target platform (RQ1),Use case,Other: Failure handling,Other
moritz,FNMPTYYT,False,Target platform (RQ1),Location,Field,
moritz,FNMPTYYT,False,Target platform (RQ1),Multi Agent System,"No, i.e. one human - one robot",
moritz,FNMPTYYT,False,Software characteristics (RQ2),Middleware,Underspecified,
moritz,FNMPTYYT,False,Software characteristics (RQ2),Control algorithm,Underspecified,
moritz,FNMPTYYT,False,Software characteristics (RQ2),Adaptation,Underspecified,
moritz,FNMPTYYT,False,Software characteristics (RQ2),Goal of adaptation,Underspecified,
moritz,FNMPTYYT,False,Explanation structure (RQ3),Intrinsic vs. post-hoc,Intrinsic,
moritz,FNMPTYYT,False,Explanation structure (RQ3),Generation technique,Tree-based,
moritz,FNMPTYYT,False,Explanation structure (RQ3),Generation technique,Template-based,
moritz,FNMPTYYT,False,Explanation structure (RQ3),Explained robot part,Behaviour,
moritz,FNMPTYYT,False,Explanation structure (RQ3),Explained robot part,Perception,
moritz,FNMPTYYT,False,Explanation structure (RQ3),Explanatory question,Underspecified,
moritz,FNMPTYYT,False,Explanation structure (RQ3),Planning level scope,Action level,
moritz,FNMPTYYT,False,Explanation structure (RQ3),Presentation modality,Text,
moritz,FNMPTYYT,False,Stakeholder (RQ4),HRI Type,Underspecified,
moritz,FNMPTYYT,False,Stakeholder (RQ4),Motivation,Failure handling,
moritz,FNMPTYYT,False,Stakeholder (RQ4),Motivation,User understanding,
moritz,FNMPTYYT,False,Stakeholder (RQ4),Stakeholder type,Operator / End user (non-expert),
moritz,FNMPTYYT,False,Evaluation (RQ5),State of explainability,Evaluated,
moritz,FNMPTYYT,False,Evaluation (RQ5),Type of explainability evaluation,"User study, Quantitative",
moritz,FNMPTYYT,False,Evaluation (RQ5),Evaluation metrics,"Other: Failure Identification (FId): The ability to accurately select the correct cause(s) of failure in a scene., Solution Identification (SId): The ability to accurately select the actions needed to remedy the failure in a scene.",Other
moritz,2849SXHS,False,General information,Code available?,no,
moritz,2849SXHS,False,General information,Project status,Not applicable,
moritz,2849SXHS,False,General information,License,Not applicable,
moritz,2849SXHS,False,General information,Additional information,No additional information,
moritz,2849SXHS,False,Target platform (RQ1),Deployment,Underspecified,
moritz,2849SXHS,False,Target platform (RQ1),Robotic device,Underspecified,
moritz,2849SXHS,False,Target platform (RQ1),Simulation environment,Not applicable,
moritz,2849SXHS,False,Target platform (RQ1),Domain,Underspecified,
moritz,2849SXHS,False,Target platform (RQ1),Use case,Manipulation,
moritz,2849SXHS,False,Target platform (RQ1),Location,Underspecified,
moritz,2849SXHS,False,Target platform (RQ1),Multi Agent System,Underspecified,
moritz,2849SXHS,False,Software characteristics (RQ2),Middleware,ROS1,
moritz,2849SXHS,False,Software characteristics (RQ2),Control algorithm,BT,
moritz,2849SXHS,False,Software characteristics (RQ2),Adaptation,None,
moritz,2849SXHS,False,Software characteristics (RQ2),Goal of adaptation,Not applicable,
moritz,2849SXHS,False,Explanation structure (RQ3),Intrinsic vs. post-hoc,Intrinsic,
moritz,2849SXHS,False,Explanation structure (RQ3),Generation technique,LLM-based,
moritz,2849SXHS,False,Explanation structure (RQ3),Generation technique,Template-based,
moritz,2849SXHS,False,Explanation structure (RQ3),Explained robot part,Perception,
moritz,2849SXHS,False,Explanation structure (RQ3),Explained robot part,Behaviour,
moritz,2849SXHS,False,Explanation structure (RQ3),Explanatory question,Underspecified,
moritz,2849SXHS,False,Explanation structure (RQ3),Planning level scope,Action level,
moritz,2849SXHS,False,Explanation structure (RQ3),Planning level scope,Sequence level,
moritz,2849SXHS,False,Explanation structure (RQ3),Presentation modality,Text,
moritz,2849SXHS,False,Stakeholder (RQ4),HRI Type,Underspecified,
moritz,2849SXHS,False,Stakeholder (RQ4),Motivation,Failure handling,
moritz,2849SXHS,False,Stakeholder (RQ4),Motivation,Discussion needed: question answering,Discussion needed
moritz,2849SXHS,False,Stakeholder (RQ4),Stakeholder type,Underspecified,
moritz,2849SXHS,False,Evaluation (RQ5),State of explainability,Pseudo-code,
moritz,2849SXHS,False,Evaluation (RQ5),Type of explainability evaluation,None,
moritz,2849SXHS,False,Evaluation (RQ5),Evaluation metrics,Not applicable,
moritz,CD6AUXQK,False,General information,Code available?,yes,
moritz,CD6AUXQK,False,General information,Project status,unmaintained,
moritz,CD6AUXQK,False,General information,License,GPL,
moritz,CD6AUXQK,False,General information,Additional information,"Other: Talk about what, why and elaboration types.",Other
moritz,CD6AUXQK,False,Target platform (RQ1),Deployment,Real robot,
moritz,CD6AUXQK,False,Target platform (RQ1),Robotic device,Humanoid robot,
moritz,CD6AUXQK,False,Target platform (RQ1),Simulation environment,Not applicable,
moritz,CD6AUXQK,False,Target platform (RQ1),Domain,Consumer robot,
moritz,CD6AUXQK,False,Target platform (RQ1),Use case,Underspecified,
moritz,CD6AUXQK,False,Target platform (RQ1),Location,Laboratory,
moritz,CD6AUXQK,False,Target platform (RQ1),Multi Agent System,"No, i.e. one human - one robot",
moritz,CD6AUXQK,False,Software characteristics (RQ2),Middleware,ROS1,
moritz,CD6AUXQK,False,Software characteristics (RQ2),Middleware,Other: MQTT,Other
moritz,CD6AUXQK,False,Software characteristics (RQ2),Control algorithm,BDI Agent,
moritz,CD6AUXQK,False,Software characteristics (RQ2),Control algorithm,BT,
moritz,CD6AUXQK,False,Software characteristics (RQ2),Adaptation,"Yes, autonomous adaptation",
moritz,CD6AUXQK,False,Software characteristics (RQ2),Goal of adaptation,Self configuration,
moritz,CD6AUXQK,False,Explanation structure (RQ3),Intrinsic vs. post-hoc,Intrinsic,
moritz,CD6AUXQK,False,Explanation structure (RQ3),Generation technique,Other: natural language generation (NLG),Other
moritz,CD6AUXQK,False,Explanation structure (RQ3),Explained robot part,Underspecified,
moritz,CD6AUXQK,False,Explanation structure (RQ3),Explanatory question,Why,
moritz,CD6AUXQK,False,Explanation structure (RQ3),Explanatory question,What,
moritz,CD6AUXQK,False,Explanation structure (RQ3),Planning level scope,Goal level,
moritz,CD6AUXQK,False,Explanation structure (RQ3),Planning level scope,Sequence level,
moritz,CD6AUXQK,False,Explanation structure (RQ3),Planning level scope,Underspecified,
moritz,CD6AUXQK,False,Explanation structure (RQ3),Presentation modality,Speech,
moritz,CD6AUXQK,False,Stakeholder (RQ4),HRI Type,Discussion needed: Human is required to question the robot to find the robots goal.,Discussion needed
moritz,CD6AUXQK,False,Stakeholder (RQ4),Motivation,Mental model alignment,
moritz,CD6AUXQK,False,Stakeholder (RQ4),Stakeholder type,Operator / End user (non-expert),
moritz,CD6AUXQK,False,Evaluation (RQ5),State of explainability,Evaluated,
moritz,CD6AUXQK,False,Evaluation (RQ5),Type of explainability evaluation,"User study, Quantitative",
moritz,CD6AUXQK,False,Evaluation (RQ5),Type of explainability evaluation,"User study, Qualitative",
moritz,CD6AUXQK,False,Evaluation (RQ5),Evaluation metrics,Trust,
moritz,CD6AUXQK,False,Evaluation (RQ5),Evaluation metrics,"Other: Qualtitativ: report moments that felt unnatural or striking; Quantitative: likeability, intelligence (vague in text: intentionality, understandability, surprisingness, and desirability)",Other
moritz,IA7D9GH2,False,General information,Code available?,no,
moritz,IA7D9GH2,False,General information,Project status,Not applicable,
moritz,IA7D9GH2,False,General information,License,Not applicable,
moritz,IA7D9GH2,False,General information,Additional information,No additional information,
moritz,IA7D9GH2,False,Target platform (RQ1),Deployment,Real robot,
moritz,IA7D9GH2,False,Target platform (RQ1),Deployment,Robot simulation,
moritz,IA7D9GH2,False,Target platform (RQ1),Robotic device,Manipulator (unspecified) => Use if not further specified,
moritz,IA7D9GH2,False,Target platform (RQ1),Simulation environment,PyBullet,
moritz,IA7D9GH2,False,Target platform (RQ1),Domain,Underspecified,
moritz,IA7D9GH2,False,Target platform (RQ1),Use case,Manipulation,
moritz,IA7D9GH2,False,Target platform (RQ1),Location,Laboratory,
moritz,IA7D9GH2,False,Target platform (RQ1),Multi Agent System,"No, i.e. one human - one robot",
moritz,IA7D9GH2,False,Software characteristics (RQ2),Middleware,Underspecified,
moritz,IA7D9GH2,False,Software characteristics (RQ2),Control algorithm,Decision tree,
moritz,IA7D9GH2,False,Software characteristics (RQ2),Control algorithm,Cognitive architecture,
moritz,IA7D9GH2,False,Software characteristics (RQ2),Control algorithm,DL-Based,
moritz,IA7D9GH2,False,Software characteristics (RQ2),Adaptation,"Yes, autonomous adaptation",
moritz,IA7D9GH2,False,Software characteristics (RQ2),Goal of adaptation,Continuous learning,
moritz,IA7D9GH2,False,Explanation structure (RQ3),Intrinsic vs. post-hoc,Intrinsic,
moritz,IA7D9GH2,False,Explanation structure (RQ3),Generation technique,Template-based,
moritz,IA7D9GH2,False,Explanation structure (RQ3),Explained robot part,Perception,
moritz,IA7D9GH2,False,Explanation structure (RQ3),Explained robot part,Behaviour,
moritz,IA7D9GH2,False,Explanation structure (RQ3),Explanatory question,Why,
moritz,IA7D9GH2,False,Explanation structure (RQ3),Explanatory question,What,
moritz,IA7D9GH2,False,Explanation structure (RQ3),Planning level scope,Goal level,
moritz,IA7D9GH2,False,Explanation structure (RQ3),Planning level scope,Sequence level,
moritz,IA7D9GH2,False,Explanation structure (RQ3),Presentation modality,Text,
moritz,IA7D9GH2,False,Explanation structure (RQ3),Presentation modality,Speech,
moritz,IA7D9GH2,False,Stakeholder (RQ4),HRI Type,Discussion needed: human instruction; tell the robot what to do; this is not really reflected in any HRI type.,Discussion needed
moritz,IA7D9GH2,False,Stakeholder (RQ4),Motivation,Transparency,
moritz,IA7D9GH2,False,Stakeholder (RQ4),Stakeholder type,Underspecified,
moritz,IA7D9GH2,False,Evaluation (RQ5),State of explainability,Evaluated,
moritz,IA7D9GH2,False,Evaluation (RQ5),Type of explainability evaluation,"Technical (Benchmark), Quantitative",
moritz,IA7D9GH2,False,Evaluation (RQ5),Evaluation metrics,Not applicable,
moritz,IA7D9GH2,False,Evaluation (RQ5),Evaluation metrics,"Other: Technical: Precision, Recall",Other
moritz,H4QA43XT,False,General information,Code available?,no,
moritz,H4QA43XT,False,General information,Project status,Not applicable,
moritz,H4QA43XT,False,General information,License,Not applicable,
moritz,H4QA43XT,False,General information,Additional information,No additional information,
moritz,H4QA43XT,False,Target platform (RQ1),Deployment,Real robot,
moritz,H4QA43XT,False,Target platform (RQ1),Deployment,Robot simulation,
moritz,H4QA43XT,False,Target platform (RQ1),Robotic device,Drone,
moritz,H4QA43XT,False,Target platform (RQ1),Simulation environment,Gazebo,
moritz,H4QA43XT,False,Target platform (RQ1),Simulation environment,Other: AirSim,Other
moritz,H4QA43XT,False,Target platform (RQ1),Domain,Underspecified,
moritz,H4QA43XT,False,Target platform (RQ1),Use case,Collision avoidance,
moritz,H4QA43XT,False,Target platform (RQ1),Use case,Navigation,
moritz,H4QA43XT,False,Target platform (RQ1),Location,Laboratory,
moritz,H4QA43XT,False,Target platform (RQ1),Location,Field,
moritz,H4QA43XT,False,Target platform (RQ1),Multi Agent System,"No, i.e. one human - one robot",
moritz,H4QA43XT,False,Software characteristics (RQ2),Middleware,ROS1,
moritz,H4QA43XT,False,Software characteristics (RQ2),Control algorithm,DL-Based,
moritz,H4QA43XT,False,Software characteristics (RQ2),Control algorithm,MDP-based,
moritz,H4QA43XT,False,Software characteristics (RQ2),Adaptation,"Yes, autonomous adaptation",
moritz,H4QA43XT,False,Software characteristics (RQ2),Goal of adaptation,Self configuration,
moritz,H4QA43XT,False,Explanation structure (RQ3),Intrinsic vs. post-hoc,Post-hoc,
moritz,H4QA43XT,False,Explanation structure (RQ3),Generation technique,DL-based,
moritz,H4QA43XT,False,Explanation structure (RQ3),Generation technique,Template-based,
moritz,H4QA43XT,False,Explanation structure (RQ3),Explained robot part,Behaviour,
moritz,H4QA43XT,False,Explanation structure (RQ3),Explained robot part,Perception,
moritz,H4QA43XT,False,Explanation structure (RQ3),Explanatory question,Underspecified,
moritz,H4QA43XT,False,Explanation structure (RQ3),Planning level scope,Action level,
moritz,H4QA43XT,False,Explanation structure (RQ3),Planning level scope,Sequence level,
moritz,H4QA43XT,False,Explanation structure (RQ3),Presentation modality,Text,
moritz,H4QA43XT,False,Explanation structure (RQ3),Presentation modality,Plot,
moritz,H4QA43XT,False,Explanation structure (RQ3),Presentation modality,Visualization,
moritz,H4QA43XT,False,Stakeholder (RQ4),HRI Type,Underspecified,
moritz,H4QA43XT,False,Stakeholder (RQ4),Motivation,Trust (increase),
moritz,H4QA43XT,False,Stakeholder (RQ4),Motivation,User understanding,
moritz,H4QA43XT,False,Stakeholder (RQ4),Stakeholder type,Operator / End user (non-expert),
moritz,H4QA43XT,False,Stakeholder (RQ4),Stakeholder type,Domain expert,
moritz,H4QA43XT,False,Evaluation (RQ5),State of explainability,Evaluated,
moritz,H4QA43XT,False,Evaluation (RQ5),Type of explainability evaluation,"Technical (Benchmark), Quantitative",
moritz,H4QA43XT,False,Evaluation (RQ5),Evaluation metrics,Not applicable,
moritz,H4QA43XT,False,Evaluation (RQ5),Evaluation metrics,Other: technical: success rate,Other
moritz,PDWQJ7B2,False,General information,Code available?,no,
moritz,PDWQJ7B2,False,General information,Project status,Not applicable,
moritz,PDWQJ7B2,False,General information,License,Not applicable,
moritz,PDWQJ7B2,False,General information,Additional information,"Other: Gricean Maxims (Grice, 1975) of quality, quantity, relation, and manner",Other
moritz,PDWQJ7B2,False,Target platform (RQ1),Deployment,Real robot,
moritz,PDWQJ7B2,False,Target platform (RQ1),Robotic device,Humanoid robot,
moritz,PDWQJ7B2,False,Target platform (RQ1),Simulation environment,Not applicable,
moritz,PDWQJ7B2,False,Target platform (RQ1),Domain,Consumer robot,
moritz,PDWQJ7B2,False,Target platform (RQ1),Use case,Manipulation,
moritz,PDWQJ7B2,False,Target platform (RQ1),Location,Laboratory,
moritz,PDWQJ7B2,False,Target platform (RQ1),Multi Agent System,"No, i.e. one human - one robot",
moritz,PDWQJ7B2,False,Software characteristics (RQ2),Middleware,Underspecified,
moritz,PDWQJ7B2,False,Software characteristics (RQ2),Control algorithm,Cognitive architecture,
moritz,PDWQJ7B2,False,Software characteristics (RQ2),Adaptation,Discussion needed: Robot rejects human request @Andi: Do you want this?,Discussion needed
moritz,PDWQJ7B2,False,Software characteristics (RQ2),Goal of adaptation,Discussion needed: see adapation,Discussion needed
moritz,PDWQJ7B2,False,Explanation structure (RQ3),Intrinsic vs. post-hoc,Intrinsic,
moritz,PDWQJ7B2,False,Explanation structure (RQ3),Generation technique,Other: Natural language generation (NLG),Other
moritz,PDWQJ7B2,False,Explanation structure (RQ3),Explained robot part,Behaviour,
moritz,PDWQJ7B2,False,Explanation structure (RQ3),Explanatory question,Underspecified,
moritz,PDWQJ7B2,False,Explanation structure (RQ3),Planning level scope,Goal level,
moritz,PDWQJ7B2,False,Explanation structure (RQ3),Presentation modality,Expressive motion,
moritz,PDWQJ7B2,False,Explanation structure (RQ3),Presentation modality,Speech,
moritz,PDWQJ7B2,False,Stakeholder (RQ4),HRI Type,Cooperation,
moritz,PDWQJ7B2,False,Stakeholder (RQ4),Motivation,Transparency,
moritz,PDWQJ7B2,False,Stakeholder (RQ4),Stakeholder type,Operator / End user (non-expert),
moritz,PDWQJ7B2,False,Evaluation (RQ5),State of explainability,Implementation,
moritz,PDWQJ7B2,False,Evaluation (RQ5),Type of explainability evaluation,None,
moritz,PDWQJ7B2,False,Evaluation (RQ5),Evaluation metrics,Not applicable,
moritz,8TC4BUMX,False,General information,Code available?,no,
moritz,8TC4BUMX,False,General information,Project status,Not applicable,
moritz,8TC4BUMX,False,General information,License,Not applicable,
moritz,8TC4BUMX,False,General information,Additional information,No additional information,
moritz,8TC4BUMX,False,Target platform (RQ1),Deployment,Robot recording,
moritz,8TC4BUMX,False,Target platform (RQ1),Robotic device,Not applicable => Use if there is no specific robot mentioned,
moritz,8TC4BUMX,False,Target platform (RQ1),Simulation environment,Not applicable,
moritz,8TC4BUMX,False,Target platform (RQ1),Domain,Underspecified,
moritz,8TC4BUMX,False,Target platform (RQ1),Use case,Underspecified,
moritz,8TC4BUMX,False,Target platform (RQ1),Location,Underspecified,
moritz,8TC4BUMX,False,Target platform (RQ1),Multi Agent System,Underspecified,
moritz,8TC4BUMX,False,Software characteristics (RQ2),Middleware,ROS2,
moritz,8TC4BUMX,False,Software characteristics (RQ2),Control algorithm,PDDL,
moritz,8TC4BUMX,False,Software characteristics (RQ2),Adaptation,None,
moritz,8TC4BUMX,False,Software characteristics (RQ2),Goal of adaptation,Not applicable,
moritz,8TC4BUMX,False,Explanation structure (RQ3),Intrinsic vs. post-hoc,Post-hoc,
moritz,8TC4BUMX,False,Explanation structure (RQ3),Generation technique,LLM-based,
moritz,8TC4BUMX,False,Explanation structure (RQ3),Explained robot part,Behaviour,
moritz,8TC4BUMX,False,Explanation structure (RQ3),Explanatory question,Why,
moritz,8TC4BUMX,False,Explanation structure (RQ3),Explanatory question,How,
moritz,8TC4BUMX,False,Explanation structure (RQ3),Explanatory question,What,
moritz,8TC4BUMX,False,Explanation structure (RQ3),Planning level scope,Underspecified,
moritz,8TC4BUMX,False,Explanation structure (RQ3),Presentation modality,Text,
moritz,8TC4BUMX,False,Stakeholder (RQ4),HRI Type,Underspecified,
moritz,8TC4BUMX,False,Stakeholder (RQ4),Motivation,Transparency,
moritz,8TC4BUMX,False,Stakeholder (RQ4),Motivation,Accountability,
moritz,8TC4BUMX,False,Stakeholder (RQ4),Motivation,Trust (increase),
moritz,8TC4BUMX,False,Stakeholder (RQ4),Stakeholder type,Operator / End user (non-expert),
moritz,8TC4BUMX,False,Evaluation (RQ5),State of explainability,Evaluated,
moritz,8TC4BUMX,False,Evaluation (RQ5),Type of explainability evaluation,"Technical (Benchmark), Qualitative",
moritz,8TC4BUMX,False,Evaluation (RQ5),Evaluation metrics,Not applicable,
moritz,8TC4BUMX,False,Evaluation (RQ5),Evaluation metrics,Other: Technical: success rate (binary),Other
moritz,W9ICSGKG,False,General information,Code available?,no,
moritz,W9ICSGKG,False,General information,Project status,Not applicable,
moritz,W9ICSGKG,False,General information,License,Not applicable,
moritz,W9ICSGKG,False,General information,Additional information,No additional information,
moritz,W9ICSGKG,False,Target platform (RQ1),Deployment,Real robot,
moritz,W9ICSGKG,False,Target platform (RQ1),Deployment,Robot recording,
moritz,W9ICSGKG,False,Target platform (RQ1),Robotic device,Manipulator (unspecified) => Use if not further specified,
moritz,W9ICSGKG,False,Target platform (RQ1),Simulation environment,Not applicable,
moritz,W9ICSGKG,False,Target platform (RQ1),Domain,Underspecified,
moritz,W9ICSGKG,False,Target platform (RQ1),Use case,Manipulation,
moritz,W9ICSGKG,False,Target platform (RQ1),Location,Laboratory,
moritz,W9ICSGKG,False,Target platform (RQ1),Multi Agent System,"No, i.e. one human - one robot",
moritz,W9ICSGKG,False,Software characteristics (RQ2),Middleware,Underspecified,
moritz,W9ICSGKG,False,Software characteristics (RQ2),Control algorithm,Underspecified,
moritz,W9ICSGKG,False,Software characteristics (RQ2),Adaptation,"Yes, with user involvement",
moritz,W9ICSGKG,False,Software characteristics (RQ2),Goal of adaptation,Continuous learning,
moritz,W9ICSGKG,False,Explanation structure (RQ3),Intrinsic vs. post-hoc,Underspecified,
moritz,W9ICSGKG,False,Explanation structure (RQ3),Generation technique,Template-based,
moritz,W9ICSGKG,False,Explanation structure (RQ3),Explained robot part,Behaviour,
moritz,W9ICSGKG,False,Explanation structure (RQ3),Explanatory question,Why,
moritz,W9ICSGKG,False,Explanation structure (RQ3),Planning level scope,Sequence level,
moritz,W9ICSGKG,False,Explanation structure (RQ3),Presentation modality,Text,
moritz,W9ICSGKG,False,Stakeholder (RQ4),HRI Type,Human supervision,
moritz,W9ICSGKG,False,Stakeholder (RQ4),Motivation,Underspecified,
moritz,W9ICSGKG,False,Stakeholder (RQ4),Stakeholder type,Operator / End user (non-expert),
moritz,W9ICSGKG,False,Evaluation (RQ5),State of explainability,Evaluated,
moritz,W9ICSGKG,False,Evaluation (RQ5),Type of explainability evaluation,"User study, Quantitative",
moritz,W9ICSGKG,False,Evaluation (RQ5),Evaluation metrics,Trust,
moritz,W9ICSGKG,False,Evaluation (RQ5),Evaluation metrics,Satisfaction,
moritz,W9ICSGKG,False,Evaluation (RQ5),Evaluation metrics,User behavior (performance),
moritz,ZESLNUKH,False,General information,Code available?,yes,
moritz,ZESLNUKH,False,General information,Project status,unmaintained,
moritz,ZESLNUKH,False,General information,License,Underspecified,
moritz,ZESLNUKH,False,General information,Additional information,No additional information,
moritz,ZESLNUKH,False,Target platform (RQ1),Deployment,Underspecified,
moritz,ZESLNUKH,False,Target platform (RQ1),Robotic device,Underspecified,
moritz,ZESLNUKH,False,Target platform (RQ1),Simulation environment,Not applicable,
moritz,ZESLNUKH,False,Target platform (RQ1),Domain,Underspecified,
moritz,ZESLNUKH,False,Target platform (RQ1),Use case,Navigation,
moritz,ZESLNUKH,False,Target platform (RQ1),Location,Underspecified,
moritz,ZESLNUKH,False,Target platform (RQ1),Multi Agent System,"No, i.e. one human - one robot",
moritz,ZESLNUKH,False,Software characteristics (RQ2),Middleware,Not applicable,
moritz,ZESLNUKH,False,Software characteristics (RQ2),Control algorithm,BDI Agent,
moritz,ZESLNUKH,False,Software characteristics (RQ2),Adaptation,"Yes, autonomous adaptation",
moritz,ZESLNUKH,False,Software characteristics (RQ2),Goal of adaptation,Self protection,
moritz,ZESLNUKH,False,Explanation structure (RQ3),Intrinsic vs. post-hoc,Intrinsic,
moritz,ZESLNUKH,False,Explanation structure (RQ3),Generation technique,Underspecified,
moritz,ZESLNUKH,False,Explanation structure (RQ3),Explained robot part,Perception,
moritz,ZESLNUKH,False,Explanation structure (RQ3),Explained robot part,Behaviour,
moritz,ZESLNUKH,False,Explanation structure (RQ3),Explanatory question,Why,
moritz,ZESLNUKH,False,Explanation structure (RQ3),Planning level scope,Policy level,
moritz,ZESLNUKH,False,Explanation structure (RQ3),Presentation modality,Text,
moritz,ZESLNUKH,False,Stakeholder (RQ4),HRI Type,Underspecified,
moritz,ZESLNUKH,False,Stakeholder (RQ4),Motivation,Mental model alignment,
moritz,ZESLNUKH,False,Stakeholder (RQ4),Motivation,Other: facilitate an understanding of program behaviour,Other
moritz,ZESLNUKH,False,Stakeholder (RQ4),Stakeholder type,Underspecified,
moritz,ZESLNUKH,False,Evaluation (RQ5),State of explainability,Implementation,
moritz,ZESLNUKH,False,Evaluation (RQ5),Type of explainability evaluation,None,
moritz,ZESLNUKH,False,Evaluation (RQ5),Evaluation metrics,Not applicable,
shu,PVAWJYPB,False,General information,Code available?,no,
shu,PVAWJYPB,False,General information,Project status,Not applicable,
shu,PVAWJYPB,False,General information,License,Not applicable,
shu,PVAWJYPB,False,General information,Additional information,No additional information,
shu,PVAWJYPB,False,Target platform (RQ1),Deployment,Real robot,
shu,PVAWJYPB,False,Target platform (RQ1),Robotic device,Articulated robot,
shu,PVAWJYPB,False,Target platform (RQ1),Robotic device,Mobile manipulator,
shu,PVAWJYPB,False,Target platform (RQ1),Simulation environment,Not applicable,
shu,PVAWJYPB,False,Target platform (RQ1),Domain,Industrial robot,
shu,PVAWJYPB,False,Target platform (RQ1),Use case,Manipulation,
shu,PVAWJYPB,False,Target platform (RQ1),Location,Laboratory,
shu,PVAWJYPB,False,Target platform (RQ1),Multi Agent System,"No, i.e. one human - one robot",
shu,PVAWJYPB,False,Software characteristics (RQ2),Middleware,Underspecified,
shu,PVAWJYPB,False,Software characteristics (RQ2),Control algorithm,"Other: breath-first search, causal Bayesian",Other
shu,PVAWJYPB,False,Software characteristics (RQ2),Adaptation,Underspecified,
shu,PVAWJYPB,False,Software characteristics (RQ2),Goal of adaptation,Not applicable,
shu,PVAWJYPB,False,Explanation structure (RQ3),Intrinsic vs. post-hoc,Post-hoc,
shu,PVAWJYPB,False,Explanation structure (RQ3),Generation technique,Tree-based,
shu,PVAWJYPB,False,Explanation structure (RQ3),Explained robot part,Perception,
shu,PVAWJYPB,False,Explanation structure (RQ3),Explanatory question,What,
shu,PVAWJYPB,False,Explanation structure (RQ3),Explanatory question,Why,
shu,PVAWJYPB,False,Explanation structure (RQ3),Planning level scope,Action level,
shu,PVAWJYPB,False,Explanation structure (RQ3),Planning level scope,Discussion needed: this is explaining the failure that a robot made,Discussion needed
shu,PVAWJYPB,False,Explanation structure (RQ3),Presentation modality,Text,
shu,PVAWJYPB,False,Explanation structure (RQ3),Presentation modality,"Other: in this work, it is just a contrastive explanation",Other
shu,PVAWJYPB,False,Stakeholder (RQ4),HRI Type,Underspecified,
shu,PVAWJYPB,False,Stakeholder (RQ4),Motivation,Trust (increase),
shu,PVAWJYPB,False,Stakeholder (RQ4),Motivation,Transparency,
shu,PVAWJYPB,False,Stakeholder (RQ4),Stakeholder type,Operator / End user (non-expert),
shu,PVAWJYPB,False,Evaluation (RQ5),State of explainability,Implementation,
shu,PVAWJYPB,False,Evaluation (RQ5),Type of explainability evaluation,"Technical, Mixed methods",
shu,PVAWJYPB,False,Evaluation (RQ5),Evaluation metrics,Competence,
shu,PVAWJYPB,False,Evaluation (RQ5),Evaluation metrics,Other: Compared with other two failure explanations ,Other
shu,3945CSYE,False,General information,Code available?,yes,
shu,3945CSYE,False,General information,Project status,unmaintained,
shu,3945CSYE,False,General information,License,Underspecified,
shu,3945CSYE,False,General information,Additional information,No additional information,
shu,3945CSYE,False,Target platform (RQ1),Deployment,Robot recording,
shu,3945CSYE,False,Target platform (RQ1),Deployment,"Discussion needed: the explanation is not employed on the robot or simulation, it was applied on IPC domains. And for the evaluation of user study, they used a robot video and a picture of paragraph of the explanation.",Discussion needed
shu,3945CSYE,False,Target platform (RQ1),Robotic device,Mobile manipulator,
shu,3945CSYE,False,Target platform (RQ1),Simulation environment,Not applicable,
shu,3945CSYE,False,Target platform (RQ1),Domain,Other: IPC domain,Other
shu,3945CSYE,False,Target platform (RQ1),Use case,Navigation,
shu,3945CSYE,False,Target platform (RQ1),Location,Not applicable,
shu,3945CSYE,False,Target platform (RQ1),Location,Laboratory,
shu,3945CSYE,False,Target platform (RQ1),Location,"Discussion needed: They did not implement this in a simulation, only ran experiments based on tasks. and for the user study there was only video. ",Discussion needed
shu,3945CSYE,False,Target platform (RQ1),Multi Agent System,Underspecified,
shu,3945CSYE,False,Target platform (RQ1),Multi Agent System,"No, i.e. one human - one robot",
shu,3945CSYE,False,Software characteristics (RQ2),Middleware,Not applicable,
shu,3945CSYE,False,Software characteristics (RQ2),Control algorithm,PDDL,
shu,3945CSYE,False,Software characteristics (RQ2),Adaptation,None,
shu,3945CSYE,False,Software characteristics (RQ2),Goal of adaptation,Not applicable,
shu,3945CSYE,False,Explanation structure (RQ3),Intrinsic vs. post-hoc,Post-hoc,
shu,3945CSYE,False,Explanation structure (RQ3),Generation technique,Tree-based,
shu,3945CSYE,False,Explanation structure (RQ3),Explained robot part,Behaviour,
shu,3945CSYE,False,Explanation structure (RQ3),Explanatory question,Why,
shu,3945CSYE,False,Explanation structure (RQ3),Planning level scope,Sequence level,
shu,3945CSYE,False,Explanation structure (RQ3),Presentation modality,Text,
shu,3945CSYE,False,Explanation structure (RQ3),Presentation modality,Discussion needed: This is not real-time generated,Discussion needed
shu,3945CSYE,False,Stakeholder (RQ4),HRI Type,Collaboration,
shu,3945CSYE,False,Stakeholder (RQ4),HRI Type,Cooperation,
shu,3945CSYE,False,Stakeholder (RQ4),Motivation,Trust (unspecified),
shu,3945CSYE,False,Stakeholder (RQ4),Motivation,Transparency,
shu,3945CSYE,False,Stakeholder (RQ4),Motivation,User understanding,
shu,3945CSYE,False,Stakeholder (RQ4),Stakeholder type,Operator / End user (non-expert),
shu,3945CSYE,False,Evaluation (RQ5),State of explainability,Evaluated,
shu,3945CSYE,False,Evaluation (RQ5),Type of explainability evaluation,"Technical (Benchmark), Quantitative",
shu,3945CSYE,False,Evaluation (RQ5),Evaluation metrics,Satisfaction,
shu,3945CSYE,False,Evaluation (RQ5),Evaluation metrics,Cognitive load,
shu,3945CSYE,False,Evaluation (RQ5),Evaluation metrics,Trust,
shu,3945CSYE,False,Evaluation (RQ5),Evaluation metrics,Understandability,
shu,3945CSYE,False,Evaluation (RQ5),Evaluation metrics,"Other: Clarity, ",Other
shu,4MX7R7CS,False,General information,Code available?,yes,
shu,4MX7R7CS,False,General information,Project status,unmaintained,
shu,4MX7R7CS,False,General information,License,MIT,
shu,4MX7R7CS,False,General information,Additional information,No additional information,
shu,4MX7R7CS,False,Target platform (RQ1),Deployment,Robot simulation,
shu,4MX7R7CS,False,Target platform (RQ1),Deployment,Real robot,
shu,4MX7R7CS,False,Target platform (RQ1),Robotic device,Wheeled robot,
shu,4MX7R7CS,False,Target platform (RQ1),Simulation environment,MuJoCo,
shu,4MX7R7CS,False,Target platform (RQ1),Domain,Industrial robot,
shu,4MX7R7CS,False,Target platform (RQ1),Use case,Navigation,
shu,4MX7R7CS,False,Target platform (RQ1),Use case,Manipulation,
shu,4MX7R7CS,False,Target platform (RQ1),Location,Laboratory,
shu,4MX7R7CS,False,Target platform (RQ1),Multi Agent System,"No, i.e. one human - one robot",
shu,4MX7R7CS,False,Software characteristics (RQ2),Middleware,Underspecified,
shu,4MX7R7CS,False,Software characteristics (RQ2),Control algorithm,DL-Based,
shu,4MX7R7CS,False,Software characteristics (RQ2),Adaptation,None,
shu,4MX7R7CS,False,Software characteristics (RQ2),Goal of adaptation,Underspecified,
shu,4MX7R7CS,False,Software characteristics (RQ2),Goal of adaptation,Not applicable,
shu,4MX7R7CS,False,Explanation structure (RQ3),Intrinsic vs. post-hoc,Post-hoc,
shu,4MX7R7CS,False,Explanation structure (RQ3),Generation technique,DL-based,
shu,4MX7R7CS,False,Explanation structure (RQ3),Explained robot part,Behaviour,
shu,4MX7R7CS,False,Explanation structure (RQ3),Explanatory question,Why,
shu,4MX7R7CS,False,Explanation structure (RQ3),Planning level scope,Action level,
shu,4MX7R7CS,False,Explanation structure (RQ3),Presentation modality,Visualization,
shu,4MX7R7CS,False,Stakeholder (RQ4),HRI Type,No coexistence,
shu,4MX7R7CS,False,Stakeholder (RQ4),Motivation,Trust (unspecified),
shu,4MX7R7CS,False,Stakeholder (RQ4),Stakeholder type,Operator / End user (non-expert),
shu,4MX7R7CS,False,Evaluation (RQ5),State of explainability,Implementation,
shu,4MX7R7CS,False,Evaluation (RQ5),Type of explainability evaluation,"Technical (Benchmark), Quantitative",
shu,4MX7R7CS,False,Evaluation (RQ5),Evaluation metrics,Underspecified,
shu,6DF6ZAPQ,False,General information,Code available?,yes,
shu,6DF6ZAPQ,False,General information,Project status,unmaintained,
shu,6DF6ZAPQ,False,General information,License,MIT,
shu,6DF6ZAPQ,False,General information,Additional information,Discussion needed: this paper is mainly visualization in my opinion. they did not propose novel explanation technique,Discussion needed
shu,6DF6ZAPQ,False,Target platform (RQ1),Deployment,Robot simulation,
shu,6DF6ZAPQ,False,Target platform (RQ1),Robotic device,Drone,
shu,6DF6ZAPQ,False,Target platform (RQ1),Simulation environment,Gazebo,
shu,6DF6ZAPQ,False,Target platform (RQ1),Domain,Emergency response,
shu,6DF6ZAPQ,False,Target platform (RQ1),Use case,Search and rescue,
shu,6DF6ZAPQ,False,Target platform (RQ1),Location,Not applicable,
shu,6DF6ZAPQ,False,Target platform (RQ1),Multi Agent System,"No, i.e. one human - one robot",
shu,6DF6ZAPQ,False,Software characteristics (RQ2),Middleware,Other: ROS (unspecified),Other
shu,6DF6ZAPQ,False,Software characteristics (RQ2),Control algorithm,RL,
shu,6DF6ZAPQ,False,Software characteristics (RQ2),Adaptation,"Discussion needed: IN the paper, they said it is human in the loop, but there is no adaptation in my opinion",Discussion needed
shu,6DF6ZAPQ,False,Software characteristics (RQ2),Goal of adaptation,Underspecified,
shu,6DF6ZAPQ,False,Explanation structure (RQ3),Intrinsic vs. post-hoc,Post-hoc,
shu,6DF6ZAPQ,False,Explanation structure (RQ3),Generation technique,DL-based,
shu,6DF6ZAPQ,False,Explanation structure (RQ3),Explained robot part,Perception,
shu,6DF6ZAPQ,False,Explanation structure (RQ3),Explanatory question,What,
shu,6DF6ZAPQ,False,Explanation structure (RQ3),Planning level scope,Sequence level,
shu,6DF6ZAPQ,False,Explanation structure (RQ3),Presentation modality,Visualization,
shu,6DF6ZAPQ,False,Stakeholder (RQ4),HRI Type,Cooperation,
shu,6DF6ZAPQ,False,Stakeholder (RQ4),Motivation,Collaboration,
shu,6DF6ZAPQ,False,Stakeholder (RQ4),Motivation,Control,
shu,6DF6ZAPQ,False,Stakeholder (RQ4),Motivation,Trust (unspecified),
shu,6DF6ZAPQ,False,Stakeholder (RQ4),Motivation,Other: performance,Other
shu,6DF6ZAPQ,False,Stakeholder (RQ4),Stakeholder type,Operator / End user (non-expert),
shu,6DF6ZAPQ,False,Evaluation (RQ5),State of explainability,Evaluated,
shu,6DF6ZAPQ,False,Evaluation (RQ5),Type of explainability evaluation,"User study, Qualitative",
shu,6DF6ZAPQ,False,Evaluation (RQ5),Evaluation metrics,Usability,
shu,6DF6ZAPQ,False,Evaluation (RQ5),Evaluation metrics,Understandability,
shu,6DF6ZAPQ,False,Evaluation (RQ5),Evaluation metrics,Cognitive load,
shu,8GTN2MBR,True,General information,Code available?,no,
shu,8GTN2MBR,True,General information,Project status,Not applicable,
shu,8GTN2MBR,True,General information,License,Not applicable,
shu,9HQUNBL2,False,General information,Code available?,no,
shu,9HQUNBL2,False,General information,Project status,Not applicable,
shu,9HQUNBL2,False,General information,License,Not applicable,
shu,9HQUNBL2,False,General information,Additional information,Discussion needed: I think they do not have novel explanability technique,Discussion needed
shu,9HQUNBL2,False,Target platform (RQ1),Deployment,Other simulation,
shu,9HQUNBL2,False,Target platform (RQ1),Robotic device,Drone,
shu,9HQUNBL2,False,Target platform (RQ1),Simulation environment,"Other: 3D simulation environment, which replicates realistic UAV flight dynamics, environmental disturbances, and obstacle-rich urban environments.",Other
shu,9HQUNBL2,False,Target platform (RQ1),Domain,Defense and security,
shu,9HQUNBL2,False,Target platform (RQ1),Use case,Collision avoidance,
shu,9HQUNBL2,False,Target platform (RQ1),Use case,Navigation,
shu,9HQUNBL2,False,Target platform (RQ1),Use case,Search and rescue,
shu,9HQUNBL2,False,Target platform (RQ1),Location,Not applicable,
shu,9HQUNBL2,False,Target platform (RQ1),Multi Agent System,"No, i.e. one human - one robot",
shu,9HQUNBL2,False,Software characteristics (RQ2),Middleware,Not applicable,
shu,9HQUNBL2,False,Software characteristics (RQ2),Control algorithm,RL,
shu,9HQUNBL2,False,Software characteristics (RQ2),Adaptation,"Yes, with user involvement",
shu,9HQUNBL2,False,Software characteristics (RQ2),Goal of adaptation,Continuous learning,
shu,9HQUNBL2,False,Software characteristics (RQ2),Goal of adaptation,Other: Human feedback adapted explanations,Other
shu,9HQUNBL2,False,Explanation structure (RQ3),Intrinsic vs. post-hoc,Post-hoc,
shu,9HQUNBL2,False,Explanation structure (RQ3),Generation technique,SHAP-based,
shu,9HQUNBL2,False,Explanation structure (RQ3),Generation technique,Tree-based,
shu,9HQUNBL2,False,Explanation structure (RQ3),Generation technique,Other: contrastive explanations,Other
shu,9HQUNBL2,False,Explanation structure (RQ3),Explained robot part,Behaviour,
shu,9HQUNBL2,False,Explanation structure (RQ3),Explanatory question,Why,
shu,9HQUNBL2,False,Explanation structure (RQ3),Planning level scope,Action level,
shu,9HQUNBL2,False,Explanation structure (RQ3),Planning level scope,Policy level,
shu,9HQUNBL2,False,Explanation structure (RQ3),Presentation modality,Visualization,
shu,9HQUNBL2,False,Stakeholder (RQ4),HRI Type,Cooperation,
shu,9HQUNBL2,False,Stakeholder (RQ4),Motivation,Collaboration,
shu,9HQUNBL2,False,Stakeholder (RQ4),Motivation,Trust (unspecified),
shu,9HQUNBL2,False,Stakeholder (RQ4),Stakeholder type,Operator / End user (non-expert),
shu,9HQUNBL2,False,Evaluation (RQ5),State of explainability,Evaluated,
shu,9HQUNBL2,False,Evaluation (RQ5),Type of explainability evaluation,"Technical (Benchmark), Quantitative",
shu,9HQUNBL2,False,Evaluation (RQ5),Evaluation metrics,Trust,
shu,9HQUNBL2,False,Evaluation (RQ5),Evaluation metrics,Competence,
shu,9HQUNBL2,False,Evaluation (RQ5),Evaluation metrics,Other: The evaluation of trust was based on the formulation instead of actual participant,Other
stina,AZJWXGV3,False,General information,Code available?,yes,
stina,AZJWXGV3,False,General information,Project status,maintained,
stina,AZJWXGV3,False,General information,License,MIT,
stina,AZJWXGV3,False,General information,Additional information,No additional information,
stina,AZJWXGV3,False,Target platform (RQ1),Deployment,Robot simulation,
stina,AZJWXGV3,False,Target platform (RQ1),Deployment,Other simulation,
stina,AZJWXGV3,False,Target platform (RQ1),Robotic device,Rectangular/cartesian robot,
stina,AZJWXGV3,False,Target platform (RQ1),Robotic device,Mobile manipulator,
stina,AZJWXGV3,False,Target platform (RQ1),Robotic device,Mobile robot (unspecified) => Use if not further specified,
stina,AZJWXGV3,False,Target platform (RQ1),Simulation environment,Underspecified,
stina,AZJWXGV3,False,Target platform (RQ1),Domain,Underspecified,
stina,AZJWXGV3,False,Target platform (RQ1),Use case,Manipulation,
stina,AZJWXGV3,False,Target platform (RQ1),Use case,Navigation,
stina,AZJWXGV3,False,Target platform (RQ1),Location,Not applicable,
stina,AZJWXGV3,False,Target platform (RQ1),Multi Agent System,"No, i.e. one human - one robot",
stina,AZJWXGV3,False,Software characteristics (RQ2),Middleware,Not applicable,
stina,AZJWXGV3,False,Software characteristics (RQ2),Control algorithm,Not applicable,
stina,AZJWXGV3,False,Software characteristics (RQ2),Adaptation,None,
stina,AZJWXGV3,False,Software characteristics (RQ2),Goal of adaptation,Not applicable,
stina,AZJWXGV3,False,Explanation structure (RQ3),Intrinsic vs. post-hoc,Post-hoc,
stina,AZJWXGV3,False,Explanation structure (RQ3),Generation technique,DL-based,
stina,AZJWXGV3,False,Explanation structure (RQ3),Generation technique,Rule-based,
stina,AZJWXGV3,False,Explanation structure (RQ3),Explained robot part,Behaviour,
stina,AZJWXGV3,False,Explanation structure (RQ3),Explanatory question,Why,
stina,AZJWXGV3,False,Explanation structure (RQ3),Planning level scope,Policy level,
stina,AZJWXGV3,False,Explanation structure (RQ3),Presentation modality,Text,
stina,AZJWXGV3,False,Stakeholder (RQ4),HRI Type,Underspecified,
stina,AZJWXGV3,False,Stakeholder (RQ4),Motivation,Underspecified,
stina,AZJWXGV3,False,Stakeholder (RQ4),Stakeholder type,Underspecified,
stina,AZJWXGV3,False,Evaluation (RQ5),State of explainability,Evaluated,
stina,AZJWXGV3,False,Evaluation (RQ5),Type of explainability evaluation,"Technical (Benchmark), Quantitative",
stina,AZJWXGV3,False,Evaluation (RQ5),Evaluation metrics,"Other: conciseness, consistency, and strictness",Other
stina,D2DM7ND3,True,General information,Code available?,no,
stina,ERD3QIFC,True,General information,Code available?,no,
stina,ERD3QIFC,True,General information,Project status,Not applicable,
stina,ERD3QIFC,True,General information,License,Not applicable,
stina,ERD3QIFC,True,General information,Additional information,No additional information,
stina,ERD3QIFC,True,Target platform (RQ1),Deployment,Not applicable,
stina,ERD3QIFC,True,Target platform (RQ1),Robotic device,Underspecified,
stina,ERD3QIFC,True,Target platform (RQ1),Simulation environment,Underspecified,
stina,ERD3QIFC,True,Target platform (RQ1),Domain,Underspecified,
stina,QJPSEAPG,False,General information,Code available?,no,
stina,QJPSEAPG,False,General information,Project status,Not applicable,
stina,QJPSEAPG,False,General information,License,Not applicable,
stina,QJPSEAPG,False,General information,Additional information,No additional information,
stina,QJPSEAPG,False,Target platform (RQ1),Deployment,Underspecified,
stina,QJPSEAPG,False,Target platform (RQ1),Robotic device,Underspecified,
stina,QJPSEAPG,False,Target platform (RQ1),Simulation environment,Underspecified,
stina,QJPSEAPG,False,Target platform (RQ1),Domain,Underspecified,
stina,QJPSEAPG,False,Target platform (RQ1),Use case,Navigation,
stina,QJPSEAPG,False,Target platform (RQ1),Location,Not applicable,
stina,QJPSEAPG,False,Target platform (RQ1),Multi Agent System,"No, i.e. one human - one robot",
stina,QJPSEAPG,False,Software characteristics (RQ2),Middleware,Underspecified,
stina,QJPSEAPG,False,Software characteristics (RQ2),Control algorithm,Underspecified,
stina,QJPSEAPG,False,Software characteristics (RQ2),Adaptation,None,
stina,QJPSEAPG,False,Software characteristics (RQ2),Goal of adaptation,Not applicable,
stina,QJPSEAPG,False,Explanation structure (RQ3),Intrinsic vs. post-hoc,Post-hoc,
stina,QJPSEAPG,False,Explanation structure (RQ3),Generation technique,Rule-based,
stina,QJPSEAPG,False,Explanation structure (RQ3),Explained robot part,Behaviour,
stina,QJPSEAPG,False,Explanation structure (RQ3),Explanatory question,Why,
stina,QJPSEAPG,False,Explanation structure (RQ3),Planning level scope,Goal level,
stina,QJPSEAPG,False,Explanation structure (RQ3),Presentation modality,Text,
stina,QJPSEAPG,False,Stakeholder (RQ4),HRI Type,Underspecified,
stina,QJPSEAPG,False,Stakeholder (RQ4),Motivation,Trust (increase),
stina,QJPSEAPG,False,Stakeholder (RQ4),Stakeholder type,Operator / End user (non-expert),
stina,QJPSEAPG,False,Evaluation (RQ5),State of explainability,Evaluated,
stina,QJPSEAPG,False,Evaluation (RQ5),Type of explainability evaluation,"Technical (Benchmark), Quantitative",
stina,QJPSEAPG,False,Evaluation (RQ5),Type of explainability evaluation,"User study, Quantitative",
stina,QJPSEAPG,False,Evaluation (RQ5),Evaluation metrics,Trust,
stina,QJPSEAPG,False,Evaluation (RQ5),Evaluation metrics,Satisfaction,
stina,QJPSEAPG,False,Evaluation (RQ5),Evaluation metrics,User behavior (performance),
stina,SAVNZAMC,False,General information,Code available?,no,
stina,SAVNZAMC,False,General information,Project status,Not applicable,
stina,SAVNZAMC,False,General information,License,Not applicable,
stina,SAVNZAMC,False,General information,Additional information,No additional information,
stina,SAVNZAMC,False,Target platform (RQ1),Deployment,Real robot,
stina,SAVNZAMC,False,Target platform (RQ1),Robotic device,Other: medical robot,Other
stina,SAVNZAMC,False,Target platform (RQ1),Simulation environment,Not applicable,
stina,SAVNZAMC,False,Target platform (RQ1),Domain,Medical and healthcare,
stina,SAVNZAMC,False,Target platform (RQ1),Use case,Navigation,
stina,SAVNZAMC,False,Target platform (RQ1),Location,Laboratory,
stina,SAVNZAMC,False,Target platform (RQ1),Multi Agent System,"No, i.e. one human - one robot",
stina,SAVNZAMC,False,Software characteristics (RQ2),Middleware,Mo Middleware,
stina,SAVNZAMC,False,Software characteristics (RQ2),Control algorithm,DL-Based,
stina,SAVNZAMC,False,Software characteristics (RQ2),Adaptation,"Yes, autonomous adaptation",
stina,SAVNZAMC,False,Software characteristics (RQ2),Goal of adaptation,Continuous learning,
stina,SAVNZAMC,False,Explanation structure (RQ3),Intrinsic vs. post-hoc,Intrinsic,
stina,SAVNZAMC,False,Explanation structure (RQ3),Generation technique,DL-based,
stina,SAVNZAMC,False,Explanation structure (RQ3),Explained robot part,Behaviour,
stina,SAVNZAMC,False,Explanation structure (RQ3),Explanatory question,What,
stina,SAVNZAMC,False,Explanation structure (RQ3),Planning level scope,Action level,
stina,SAVNZAMC,False,Explanation structure (RQ3),Presentation modality,Visualization,
stina,SAVNZAMC,False,Stakeholder (RQ4),HRI Type,Underspecified,
stina,SAVNZAMC,False,Stakeholder (RQ4),Motivation,Other: self learning,Other
stina,SAVNZAMC,False,Stakeholder (RQ4),Stakeholder type,Robot itself,
stina,SAVNZAMC,False,Evaluation (RQ5),State of explainability,Evaluated,
stina,SAVNZAMC,False,Evaluation (RQ5),Type of explainability evaluation,"Technical (Benchmark), Quantitative",
stina,SAVNZAMC,False,Evaluation (RQ5),Evaluation metrics,Not applicable,
stina,TMRYCZHY,False,General information,Code available?,yes,
stina,TMRYCZHY,False,General information,Project status,unmaintained,
stina,TMRYCZHY,False,General information,License,MIT,
stina,TMRYCZHY,False,General information,Additional information,No additional information,
stina,TMRYCZHY,False,Target platform (RQ1),Deployment,Real robot,
stina,TMRYCZHY,False,Target platform (RQ1),Robotic device,Wheeled robot,
stina,TMRYCZHY,False,Target platform (RQ1),Simulation environment,Gazebo,
stina,TMRYCZHY,False,Target platform (RQ1),Domain,Underspecified,
stina,TMRYCZHY,False,Target platform (RQ1),Use case,Navigation,
stina,TMRYCZHY,False,Target platform (RQ1),Use case,Collision avoidance,
stina,TMRYCZHY,False,Target platform (RQ1),Location,Laboratory,
stina,TMRYCZHY,False,Target platform (RQ1),Multi Agent System,"No, i.e. one human - one robot",
stina,TMRYCZHY,False,Software characteristics (RQ2),Middleware,ROS1,
stina,TMRYCZHY,False,Software characteristics (RQ2),Control algorithm,RL,
stina,TMRYCZHY,False,Software characteristics (RQ2),Adaptation,None,
stina,TMRYCZHY,False,Software characteristics (RQ2),Goal of adaptation,Not applicable,
stina,TMRYCZHY,False,Explanation structure (RQ3),Intrinsic vs. post-hoc,Post-hoc,
stina,TMRYCZHY,False,Explanation structure (RQ3),Generation technique,Other: Genetic Algorithm,Other
stina,TMRYCZHY,False,Explanation structure (RQ3),Explained robot part,Behaviour,
stina,TMRYCZHY,False,Explanation structure (RQ3),Explanatory question,What,
stina,TMRYCZHY,False,Explanation structure (RQ3),Planning level scope,Action level,
stina,TMRYCZHY,False,Explanation structure (RQ3),Presentation modality,Visualization,
stina,TMRYCZHY,False,Stakeholder (RQ4),HRI Type,Underspecified,
stina,TMRYCZHY,False,Stakeholder (RQ4),Motivation,User understanding,
stina,TMRYCZHY,False,Stakeholder (RQ4),Stakeholder type,Underspecified,
stina,TMRYCZHY,False,Evaluation (RQ5),State of explainability,Evaluated,
stina,TMRYCZHY,False,Evaluation (RQ5),Type of explainability evaluation,"Technical (Benchmark), Quantitative",
stina,TMRYCZHY,False,Evaluation (RQ5),Type of explainability evaluation,"Technical (Benchmark), Qualitative",
stina,TMRYCZHY,False,Evaluation (RQ5),Evaluation metrics,Not applicable,
tobi,JDWACEKN,False,General information,Code available?,no,
tobi,JDWACEKN,False,General information,Project status,Not applicable,
tobi,JDWACEKN,False,General information,License,Not applicable,
tobi,JDWACEKN,False,General information,Additional information,No additional information,
tobi,JDWACEKN,False,Target platform (RQ1),Deployment,Robot simulation,
tobi,JDWACEKN,False,Target platform (RQ1),Robotic device,Legged robot,
tobi,JDWACEKN,False,Target platform (RQ1),Simulation environment,Other: IsaacGym,Other
tobi,JDWACEKN,False,Target platform (RQ1),Domain,Underspecified,
tobi,JDWACEKN,False,Target platform (RQ1),Use case,Other: Locomotion,Other
tobi,JDWACEKN,False,Target platform (RQ1),Location,Laboratory,
tobi,JDWACEKN,False,Target platform (RQ1),Multi Agent System,"No, i.e. one human - one robot",
tobi,JDWACEKN,False,Software characteristics (RQ2),Middleware,Underspecified,
tobi,JDWACEKN,False,Software characteristics (RQ2),Control algorithm,RL,
tobi,JDWACEKN,False,Software characteristics (RQ2),Control algorithm,DL-Based,
tobi,JDWACEKN,False,Software characteristics (RQ2),Control algorithm,Other: PPO (RL-Algorithm type),Other
tobi,JDWACEKN,False,Software characteristics (RQ2),Adaptation,None,
tobi,JDWACEKN,False,Software characteristics (RQ2),Goal of adaptation,Underspecified,
tobi,JDWACEKN,False,Software characteristics (RQ2),Goal of adaptation,Not applicable,
tobi,JDWACEKN,False,Explanation structure (RQ3),Intrinsic vs. post-hoc,Post-hoc,
tobi,JDWACEKN,False,Explanation structure (RQ3),Generation technique,Other: Distilling into Interpretable Model; PDP (Partial Dependency Plot),Other
tobi,JDWACEKN,False,Explanation structure (RQ3),Explained robot part,Behaviour,
tobi,JDWACEKN,False,Explanation structure (RQ3),Explanatory question,Why,
tobi,JDWACEKN,False,Explanation structure (RQ3),Planning level scope,Action level,
tobi,JDWACEKN,False,Explanation structure (RQ3),Planning level scope,Policy level,
tobi,JDWACEKN,False,Explanation structure (RQ3),Presentation modality,Plot,
tobi,JDWACEKN,False,Explanation structure (RQ3),Presentation modality,Other: Interpretable Model: Behaviour Tree and Mathematical Equation/Expression; also PDP,Other
tobi,JDWACEKN,False,Stakeholder (RQ4),HRI Type,Underspecified,
tobi,JDWACEKN,False,Stakeholder (RQ4),Motivation,Safety,
tobi,JDWACEKN,False,Stakeholder (RQ4),Motivation,Transparency,
tobi,JDWACEKN,False,Stakeholder (RQ4),Motivation,Accountability,
tobi,JDWACEKN,False,Stakeholder (RQ4),Stakeholder type,Underspecified,
tobi,JDWACEKN,False,Evaluation (RQ5),State of explainability,Implementation,
tobi,JDWACEKN,False,Evaluation (RQ5),Type of explainability evaluation,None,
tobi,JDWACEKN,False,Evaluation (RQ5),Evaluation metrics,Not applicable,
tobi,5CTQC6HN,False,General information,Code available?,no,
tobi,5CTQC6HN,False,General information,Project status,Not applicable,
tobi,5CTQC6HN,False,General information,License,Not applicable,
tobi,5CTQC6HN,False,General information,Additional information,No additional information,
tobi,5CTQC6HN,False,Target platform (RQ1),Deployment,Robot simulation,
tobi,5CTQC6HN,False,Target platform (RQ1),Robotic device,Articulated robot,
tobi,5CTQC6HN,False,Target platform (RQ1),Simulation environment,Other: Kinematic-equations,Other
tobi,5CTQC6HN,False,Target platform (RQ1),Domain,Underspecified,
tobi,5CTQC6HN,False,Target platform (RQ1),Use case,Manipulation,
tobi,5CTQC6HN,False,Target platform (RQ1),Location,Laboratory,
tobi,5CTQC6HN,False,Target platform (RQ1),Multi Agent System,"No, i.e. one human - one robot",
tobi,5CTQC6HN,False,Software characteristics (RQ2),Middleware,Underspecified,
tobi,5CTQC6HN,False,Software characteristics (RQ2),Control algorithm,DL-Based,
tobi,5CTQC6HN,False,Software characteristics (RQ2),Adaptation,None,
tobi,5CTQC6HN,False,Software characteristics (RQ2),Goal of adaptation,Not applicable,
tobi,5CTQC6HN,False,Explanation structure (RQ3),Intrinsic vs. post-hoc,Intrinsic,
tobi,5CTQC6HN,False,Explanation structure (RQ3),Generation technique,Other: Training small neural networks,Other
tobi,5CTQC6HN,False,Explanation structure (RQ3),Explained robot part,Behaviour,
tobi,5CTQC6HN,False,Explanation structure (RQ3),Explanatory question,Why,
tobi,5CTQC6HN,False,Explanation structure (RQ3),Planning level scope,Policy level,
tobi,5CTQC6HN,False,Explanation structure (RQ3),Presentation modality,Underspecified,
tobi,5CTQC6HN,False,Stakeholder (RQ4),HRI Type,No coexistence,
tobi,5CTQC6HN,False,Stakeholder (RQ4),Motivation,Control,
tobi,5CTQC6HN,False,Stakeholder (RQ4),Motivation,Transparency,
tobi,5CTQC6HN,False,Stakeholder (RQ4),Stakeholder type,Underspecified,
tobi,5CTQC6HN,False,Evaluation (RQ5),State of explainability,Implementation,
tobi,5CTQC6HN,False,Evaluation (RQ5),Type of explainability evaluation,None,
tobi,5CTQC6HN,False,Evaluation (RQ5),Evaluation metrics,Not applicable,
tobi,IRLI3G9N,False,General information,Code available?,no,
tobi,IRLI3G9N,False,General information,Project status,Not applicable,
tobi,IRLI3G9N,False,General information,License,Not applicable,
tobi,IRLI3G9N,False,General information,Additional information,No additional information,
tobi,IRLI3G9N,False,Target platform (RQ1),Deployment,Robot simulation,
tobi,IRLI3G9N,False,Target platform (RQ1),Robotic device,Drone,
tobi,IRLI3G9N,False,Target platform (RQ1),Simulation environment,Other: Custom flight simulation,Other
tobi,IRLI3G9N,False,Target platform (RQ1),Domain,Defense and security,
tobi,IRLI3G9N,False,Target platform (RQ1),Use case,Navigation,
tobi,IRLI3G9N,False,Target platform (RQ1),Use case,Collision avoidance,
tobi,IRLI3G9N,False,Target platform (RQ1),Use case,Other: Destroy Target,Other
tobi,IRLI3G9N,False,Target platform (RQ1),Location,Laboratory,
tobi,IRLI3G9N,False,Target platform (RQ1),Multi Agent System,"No, i.e. one human - one robot",
tobi,IRLI3G9N,False,Software characteristics (RQ2),Middleware,Mo Middleware,
tobi,IRLI3G9N,False,Software characteristics (RQ2),Middleware,Other: Gymnasium/Gym (RL Interface),Other
tobi,IRLI3G9N,False,Software characteristics (RQ2),Control algorithm,RL,
tobi,IRLI3G9N,False,Software characteristics (RQ2),Control algorithm,DL-Based,
tobi,IRLI3G9N,False,Software characteristics (RQ2),Control algorithm,Other: DQN (Reinforcement Learning Algorithm),Other
tobi,IRLI3G9N,False,Software characteristics (RQ2),Adaptation,None,
tobi,IRLI3G9N,False,Software characteristics (RQ2),Goal of adaptation,Not applicable,
tobi,IRLI3G9N,False,Explanation structure (RQ3),Intrinsic vs. post-hoc,Intrinsic,
tobi,IRLI3G9N,False,Explanation structure (RQ3),Generation technique,Other: Reward Decomposition (RL specific type of explanation),Other
tobi,IRLI3G9N,False,Explanation structure (RQ3),Explained robot part,Behaviour,
tobi,IRLI3G9N,False,Explanation structure (RQ3),Explanatory question,Why,
tobi,IRLI3G9N,False,Explanation structure (RQ3),Planning level scope,Sequence level,
tobi,IRLI3G9N,False,Explanation structure (RQ3),Presentation modality,Text,
tobi,IRLI3G9N,False,Explanation structure (RQ3),Presentation modality,Plot,
tobi,IRLI3G9N,False,Explanation structure (RQ3),Presentation modality,Visualization,
tobi,IRLI3G9N,False,Explanation structure (RQ3),Presentation modality,Other: Interactive,Other
tobi,IRLI3G9N,False,Stakeholder (RQ4),HRI Type,No coexistence,
tobi,IRLI3G9N,False,Stakeholder (RQ4),Motivation,Debugging,
tobi,IRLI3G9N,False,Stakeholder (RQ4),Motivation,Trust (calibration),
tobi,IRLI3G9N,False,Stakeholder (RQ4),Stakeholder type,Developer,
tobi,IRLI3G9N,False,Evaluation (RQ5),State of explainability,Implementation,
tobi,IRLI3G9N,False,Evaluation (RQ5),Type of explainability evaluation,None,
tobi,IRLI3G9N,False,Evaluation (RQ5),Evaluation metrics,Not applicable,
tobi,WD7JLAMB,False,General information,Code available?,no,
tobi,WD7JLAMB,False,General information,Project status,Not applicable,
tobi,WD7JLAMB,False,General information,License,Not applicable,
tobi,WD7JLAMB,False,General information,Additional information,"Other: Started a repo, but empty https://proceedings.mlr.press/v229/wang23c/wang23c.pdf",Other
tobi,WD7JLAMB,False,Target platform (RQ1),Deployment,Other simulation,
tobi,WD7JLAMB,False,Target platform (RQ1),Deployment,Robot simulation,
tobi,WD7JLAMB,False,Target platform (RQ1),Robotic device,Legged robot,
tobi,WD7JLAMB,False,Target platform (RQ1),Robotic device,Mobile platform,
tobi,WD7JLAMB,False,Target platform (RQ1),Simulation environment,MuJoCo,
tobi,WD7JLAMB,False,Target platform (RQ1),Simulation environment,Other: OpenAI Gym Classical Control (Simplified robotic tasks),Other
tobi,WD7JLAMB,False,Target platform (RQ1),Domain,Underspecified,
tobi,WD7JLAMB,False,Target platform (RQ1),Use case,Navigation,
tobi,WD7JLAMB,False,Target platform (RQ1),Use case,Other: Locomotion,Other
tobi,WD7JLAMB,False,Target platform (RQ1),Location,Laboratory,
tobi,WD7JLAMB,False,Target platform (RQ1),Multi Agent System,"No, i.e. one human - one robot",
tobi,WD7JLAMB,False,Software characteristics (RQ2),Middleware,Other: Gymnasium/Gym (RL Interface),Other
tobi,WD7JLAMB,False,Software characteristics (RQ2),Control algorithm,DL-Based,
tobi,WD7JLAMB,False,Software characteristics (RQ2),Control algorithm,RL,
tobi,WD7JLAMB,False,Software characteristics (RQ2),Control algorithm,"Other: CNN, RNN and custom Architecture (DL model architectures); PPO (Reinforcement Learning Algorithm)",Other
tobi,WD7JLAMB,False,Software characteristics (RQ2),Adaptation,None,
tobi,WD7JLAMB,False,Software characteristics (RQ2),Goal of adaptation,Not applicable,
tobi,WD7JLAMB,False,Explanation structure (RQ3),Intrinsic vs. post-hoc,Post-hoc,
tobi,WD7JLAMB,False,Explanation structure (RQ3),Generation technique,Other: Concept-based Method (what did individual neurons learn); Distilling Policy into interpretable Model (Decision Trees and Logic Program),Other
tobi,WD7JLAMB,False,Explanation structure (RQ3),Explained robot part,Behaviour,
tobi,WD7JLAMB,False,Explanation structure (RQ3),Explanatory question,Why,
tobi,WD7JLAMB,False,Explanation structure (RQ3),Planning level scope,Policy level,
tobi,WD7JLAMB,False,Explanation structure (RQ3),Presentation modality,Visualization,
tobi,WD7JLAMB,False,Explanation structure (RQ3),Presentation modality,Plot,
tobi,WD7JLAMB,False,Explanation structure (RQ3),Presentation modality,Other: Interpretable Model (Decision Tree),Other
tobi,WD7JLAMB,False,Stakeholder (RQ4),HRI Type,No coexistence,
tobi,WD7JLAMB,False,Stakeholder (RQ4),Motivation,Transparency,
tobi,WD7JLAMB,False,Stakeholder (RQ4),Stakeholder type,Underspecified,
tobi,WD7JLAMB,False,Evaluation (RQ5),State of explainability,Evaluated,
tobi,WD7JLAMB,False,Evaluation (RQ5),Type of explainability evaluation,"Technical (Benchmark), Quantitative",
tobi,WD7JLAMB,False,Evaluation (RQ5),Evaluation metrics,Cognitive load,
tobi,WD7JLAMB,False,Evaluation (RQ5),Evaluation metrics,"Other: Explanation Size (Selectiveness); Custom Metrics: Explanation Variance, Mutual Information Gap, Explanation Modularity (maybe the show up in some form in other papers)",Other
tobi,LFDJZ8LU,False,General information,Code available?,no,
tobi,LFDJZ8LU,False,General information,Project status,Not applicable,
tobi,LFDJZ8LU,False,General information,License,Not applicable,
tobi,LFDJZ8LU,False,General information,Additional information,Other: Provide a lot of youtube videos of their robot.,Other
tobi,LFDJZ8LU,False,Target platform (RQ1),Deployment,Real robot,
tobi,LFDJZ8LU,False,Target platform (RQ1),Deployment,Robot simulation,
tobi,LFDJZ8LU,False,Target platform (RQ1),Robotic device,Legged robot,
tobi,LFDJZ8LU,False,Target platform (RQ1),Simulation environment,Underspecified,
tobi,LFDJZ8LU,False,Target platform (RQ1),Domain,Underspecified,
tobi,LFDJZ8LU,False,Target platform (RQ1),Use case,Other: Locomotion,Other
tobi,LFDJZ8LU,False,Target platform (RQ1),Location,Laboratory,
tobi,LFDJZ8LU,False,Target platform (RQ1),Location,Field,
tobi,LFDJZ8LU,False,Target platform (RQ1),Multi Agent System,"No, i.e. one human - one robot",
tobi,LFDJZ8LU,False,Software characteristics (RQ2),Middleware,ROS2,
tobi,LFDJZ8LU,False,Software characteristics (RQ2),Middleware,ROS1,
tobi,LFDJZ8LU,False,Software characteristics (RQ2),Middleware,Discussion needed: Type of ROS is not specified.,Discussion needed
tobi,LFDJZ8LU,False,Software characteristics (RQ2),Control algorithm,DL-Based,
tobi,LFDJZ8LU,False,Software characteristics (RQ2),Control algorithm,RL,
tobi,LFDJZ8LU,False,Software characteristics (RQ2),Control algorithm,Other: Very custom RL and DL Algorithm; Neural Circuit Learning,Other
tobi,LFDJZ8LU,False,Software characteristics (RQ2),Adaptation,"Yes, autonomous adaptation",
tobi,LFDJZ8LU,False,Software characteristics (RQ2),Goal of adaptation,Continuous learning,
tobi,LFDJZ8LU,False,Explanation structure (RQ3),Intrinsic vs. post-hoc,Intrinsic,
tobi,LFDJZ8LU,False,Explanation structure (RQ3),Generation technique,Other: Interpretable Neural Network Architecture (Modular structure); Distilling into interpretable Model (Decision Tree),Other
tobi,LFDJZ8LU,False,Explanation structure (RQ3),Explained robot part,Behaviour,
tobi,LFDJZ8LU,False,Explanation structure (RQ3),Explanatory question,Why,
tobi,LFDJZ8LU,False,Explanation structure (RQ3),Explanatory question,What,
tobi,LFDJZ8LU,False,Explanation structure (RQ3),Planning level scope,Action level,
tobi,LFDJZ8LU,False,Explanation structure (RQ3),Planning level scope,Policy level,
tobi,LFDJZ8LU,False,Explanation structure (RQ3),Presentation modality,Other: Interpretable Model (Modular Small Neural Network and Decision Tree),Other
tobi,LFDJZ8LU,False,Stakeholder (RQ4),HRI Type,No coexistence,
tobi,LFDJZ8LU,False,Stakeholder (RQ4),Motivation,Transparency,
tobi,LFDJZ8LU,False,Stakeholder (RQ4),Motivation,Debugging,
tobi,LFDJZ8LU,False,Stakeholder (RQ4),Motivation,Trust (unspecified),
tobi,LFDJZ8LU,False,Stakeholder (RQ4),Motivation,Discussion needed: They clearly specify verifiability. I have also seen that in other papers.,Discussion needed
tobi,LFDJZ8LU,False,Stakeholder (RQ4),Stakeholder type,Developer,
tobi,LFDJZ8LU,False,Stakeholder (RQ4),Stakeholder type,Domain expert,
tobi,LFDJZ8LU,False,Evaluation (RQ5),State of explainability,Evaluated,
tobi,LFDJZ8LU,False,Evaluation (RQ5),Type of explainability evaluation,"Technical (Benchmark), Quantitative",
tobi,LFDJZ8LU,False,Evaluation (RQ5),Evaluation metrics,"Other: Sparsity, Surrogate Fidelity",Other
tobi,376MT58G,False,General information,Code available?,yes,
tobi,376MT58G,False,General information,Project status,unmaintained,
tobi,376MT58G,False,General information,License,Underspecified,
tobi,376MT58G,False,General information,Additional information,No additional information,
tobi,376MT58G,False,Target platform (RQ1),Deployment,Real robot,
tobi,376MT58G,False,Target platform (RQ1),Deployment,Other simulation,
tobi,376MT58G,False,Target platform (RQ1),Robotic device,Other: Social Robot (in this case robot arm with camera and a screen for communication),Other
tobi,376MT58G,False,Target platform (RQ1),Simulation environment,Other: Custom Group Detection Dataset (not created by a robot),Other
tobi,376MT58G,False,Target platform (RQ1),Domain,Underspecified,
tobi,376MT58G,False,Target platform (RQ1),Use case,Other: Group Perception/Proxemics Classification (could be grouped under Navigation and Collision avoidance if neccessary),Other
tobi,376MT58G,False,Target platform (RQ1),Location,Laboratory,
tobi,376MT58G,False,Target platform (RQ1),Multi Agent System,Multiple humans - one robot,
tobi,376MT58G,False,Software characteristics (RQ2),Middleware,Underspecified,
tobi,376MT58G,False,Software characteristics (RQ2),Control algorithm,DL-Based,
tobi,376MT58G,False,Software characteristics (RQ2),Adaptation,None,
tobi,376MT58G,False,Software characteristics (RQ2),Goal of adaptation,Not applicable,
tobi,376MT58G,False,Explanation structure (RQ3),Intrinsic vs. post-hoc,Post-hoc,
tobi,376MT58G,False,Explanation structure (RQ3),Generation technique,Other: Counterfactuals (SGD-based),Other
tobi,376MT58G,False,Explanation structure (RQ3),Explained robot part,Perception,
tobi,376MT58G,False,Explanation structure (RQ3),Explanatory question,Why,
tobi,376MT58G,False,Explanation structure (RQ3),Planning level scope,Action level,
tobi,376MT58G,False,Explanation structure (RQ3),Presentation modality,Visualization,
tobi,376MT58G,False,Explanation structure (RQ3),Presentation modality,Plot,
tobi,376MT58G,False,Explanation structure (RQ3),Presentation modality,Speech,
tobi,376MT58G,False,Stakeholder (RQ4),HRI Type,Human robot teaming,
tobi,376MT58G,False,Stakeholder (RQ4),Motivation,Transparency,
tobi,376MT58G,False,Stakeholder (RQ4),Motivation,Collaboration,
tobi,376MT58G,False,Stakeholder (RQ4),Stakeholder type,Operator / End user (non-expert),
tobi,376MT58G,False,Evaluation (RQ5),State of explainability,Evaluated,
tobi,376MT58G,False,Evaluation (RQ5),Type of explainability evaluation,"Technical (Benchmark), Quantitative",
tobi,376MT58G,False,Evaluation (RQ5),Type of explainability evaluation,"User study, Quantitative",
tobi,376MT58G,False,Evaluation (RQ5),Evaluation metrics,Understandability,
tobi,376MT58G,False,Evaluation (RQ5),Evaluation metrics,Accuracy of the explanation,
tobi,376MT58G,False,Evaluation (RQ5),Evaluation metrics,Other:  Explanation Generation time; Note: I understand understandability as model understanding,Other
tobi,VHRDRRT3,False,General information,Code available?,no,
tobi,VHRDRRT3,False,General information,Project status,Not applicable,
tobi,VHRDRRT3,False,General information,License,Not applicable,
tobi,VHRDRRT3,False,General information,Additional information,No additional information,
tobi,VHRDRRT3,False,Target platform (RQ1),Deployment,Robot simulation,
tobi,VHRDRRT3,False,Target platform (RQ1),Deployment,Real robot,
tobi,VHRDRRT3,False,Target platform (RQ1),Robotic device,Wheeled robot,
tobi,VHRDRRT3,False,Target platform (RQ1),Simulation environment,MuJoCo,
tobi,VHRDRRT3,False,Target platform (RQ1),Simulation environment,Other: Safety Gym,Other
tobi,VHRDRRT3,False,Target platform (RQ1),Domain,Transportation and logistics,
tobi,VHRDRRT3,False,Target platform (RQ1),Domain,Medical and healthcare,
tobi,VHRDRRT3,False,Target platform (RQ1),Domain,Industrial robot,
tobi,VHRDRRT3,False,Target platform (RQ1),Use case,Navigation,
tobi,VHRDRRT3,False,Target platform (RQ1),Use case,Collision avoidance,
tobi,VHRDRRT3,False,Target platform (RQ1),Location,Laboratory,
tobi,VHRDRRT3,False,Target platform (RQ1),Multi Agent System,Multiple humans - one robot,
tobi,VHRDRRT3,False,Target platform (RQ1),Multi Agent System,"No, i.e. one human - one robot",
tobi,VHRDRRT3,False,Software characteristics (RQ2),Middleware,Other: Gymnasium/Gym (RL interface),Other
tobi,VHRDRRT3,False,Software characteristics (RQ2),Middleware,Discussion needed: They only say that the use turtlebot 3 and provide no further details. I know that turtle bot uses ROS. Should put this under ROS?,Discussion needed
tobi,VHRDRRT3,False,Software characteristics (RQ2),Control algorithm,RL,
tobi,VHRDRRT3,False,Software characteristics (RQ2),Control algorithm,Other: PPO (RL algorithm),Other
tobi,VHRDRRT3,False,Software characteristics (RQ2),Adaptation,None,
tobi,VHRDRRT3,False,Software characteristics (RQ2),Goal of adaptation,Not applicable,
tobi,VHRDRRT3,False,Explanation structure (RQ3),Intrinsic vs. post-hoc,Intrinsic,
tobi,VHRDRRT3,False,Explanation structure (RQ3),Generation technique,Other: Causal Learning based; Intrinsically explainable Model,Other
tobi,VHRDRRT3,False,Explanation structure (RQ3),Explained robot part,Behaviour,
tobi,VHRDRRT3,False,Explanation structure (RQ3),Explanatory question,Why,
tobi,VHRDRRT3,False,Explanation structure (RQ3),Planning level scope,Action level,
tobi,VHRDRRT3,False,Explanation structure (RQ3),Presentation modality,Visualization,
tobi,VHRDRRT3,False,Explanation structure (RQ3),Presentation modality,Text,
tobi,VHRDRRT3,False,Stakeholder (RQ4),HRI Type,Coexistence,
tobi,VHRDRRT3,False,Stakeholder (RQ4),Motivation,Transparency,
tobi,VHRDRRT3,False,Stakeholder (RQ4),Motivation,Accountability,
tobi,VHRDRRT3,False,Stakeholder (RQ4),Motivation,Trust (calibration),
tobi,VHRDRRT3,False,Stakeholder (RQ4),Motivation,Safety,
tobi,VHRDRRT3,False,Stakeholder (RQ4),Stakeholder type,Robot / end effector manufacturer,
tobi,VHRDRRT3,False,Stakeholder (RQ4),Stakeholder type,Regulatory body,
tobi,VHRDRRT3,False,Stakeholder (RQ4),Stakeholder type,Operator / End user (non-expert),
tobi,VHRDRRT3,False,Evaluation (RQ5),State of explainability,Evaluated,
tobi,VHRDRRT3,False,Evaluation (RQ5),Type of explainability evaluation,"Technical (Benchmark), Quantitative",
tobi,VHRDRRT3,False,Evaluation (RQ5),Evaluation metrics,Other: Generation Time; Causal Fidelity,Other
tobi,N4DA6Y7B,False,General information,Code available?,no,
tobi,N4DA6Y7B,False,General information,Project status,Not applicable,
tobi,N4DA6Y7B,False,General information,License,Not applicable,
tobi,N4DA6Y7B,False,General information,Additional information,No additional information,
tobi,N4DA6Y7B,False,Target platform (RQ1),Deployment,Robot simulation,
tobi,N4DA6Y7B,False,Target platform (RQ1),Robotic device,Wheeled robot,
tobi,N4DA6Y7B,False,Target platform (RQ1),Simulation environment,Webots,
tobi,N4DA6Y7B,False,Target platform (RQ1),Domain,Underspecified,
tobi,N4DA6Y7B,False,Target platform (RQ1),Use case,Navigation,
tobi,N4DA6Y7B,False,Target platform (RQ1),Use case,Collision avoidance,
tobi,N4DA6Y7B,False,Target platform (RQ1),Use case,"Discussion needed: Is ""The wall following task"" really navigation or only collision avoidance?",Discussion needed
tobi,N4DA6Y7B,False,Target platform (RQ1),Location,Laboratory,
tobi,N4DA6Y7B,False,Target platform (RQ1),Multi Agent System,"No, i.e. one human - one robot",
tobi,N4DA6Y7B,False,Software characteristics (RQ2),Middleware,Underspecified,
tobi,N4DA6Y7B,False,Software characteristics (RQ2),Control algorithm,DL-Based,
tobi,N4DA6Y7B,False,Software characteristics (RQ2),Control algorithm,Other: Fuzzy Learning,Other
tobi,N4DA6Y7B,False,Software characteristics (RQ2),Adaptation,None,
tobi,N4DA6Y7B,False,Software characteristics (RQ2),Goal of adaptation,Not applicable,
tobi,N4DA6Y7B,False,Explanation structure (RQ3),Intrinsic vs. post-hoc,Intrinsic,
tobi,N4DA6Y7B,False,Explanation structure (RQ3),Intrinsic vs. post-hoc,Post-hoc,
tobi,N4DA6Y7B,False,Explanation structure (RQ3),Generation technique,Other: Saliency Map/Feature Attribution (similar to LIME and SHAP but more general.); Perturbation-based Feature Attribution; Interpretable Model (Fuzzy Rules),Other
tobi,N4DA6Y7B,False,Explanation structure (RQ3),Explained robot part,Perception,
tobi,N4DA6Y7B,False,Explanation structure (RQ3),Explained robot part,Behaviour,
tobi,N4DA6Y7B,False,Explanation structure (RQ3),Explanatory question,Why,
tobi,N4DA6Y7B,False,Explanation structure (RQ3),Planning level scope,Action level,
tobi,N4DA6Y7B,False,Explanation structure (RQ3),Presentation modality,Visualization,
tobi,N4DA6Y7B,False,Stakeholder (RQ4),HRI Type,No coexistence,
tobi,N4DA6Y7B,False,Stakeholder (RQ4),Motivation,Transparency,
tobi,N4DA6Y7B,False,Stakeholder (RQ4),Stakeholder type,Underspecified,
tobi,N4DA6Y7B,False,Evaluation (RQ5),State of explainability,Implementation,
tobi,N4DA6Y7B,False,Evaluation (RQ5),Type of explainability evaluation,None,
tobi,N4DA6Y7B,False,Evaluation (RQ5),Evaluation metrics,Not applicable,
tobi,54Q9Q89E,False,General information,Code available?,no,
tobi,54Q9Q89E,False,General information,Project status,Not applicable,
tobi,54Q9Q89E,False,General information,License,Not applicable,
tobi,54Q9Q89E,False,General information,Additional information,No additional information,
tobi,54Q9Q89E,False,Target platform (RQ1),Deployment,Robot simulation,
tobi,54Q9Q89E,False,Target platform (RQ1),Deployment,Real robot,
tobi,54Q9Q89E,False,Target platform (RQ1),Robotic device,Articulated robot,
tobi,54Q9Q89E,False,Target platform (RQ1),Simulation environment,MuJoCo,
tobi,54Q9Q89E,False,Target platform (RQ1),Domain,Underspecified,
tobi,54Q9Q89E,False,Target platform (RQ1),Use case,Manipulation,
tobi,54Q9Q89E,False,Target platform (RQ1),Location,Laboratory,
tobi,54Q9Q89E,False,Target platform (RQ1),Multi Agent System,"No, i.e. one human - one robot",
tobi,54Q9Q89E,False,Software characteristics (RQ2),Middleware,Underspecified,
tobi,54Q9Q89E,False,Software characteristics (RQ2),Control algorithm,RL,
tobi,54Q9Q89E,False,Software characteristics (RQ2),Control algorithm,Other: GPS (RL algorithm),Other
tobi,54Q9Q89E,False,Software characteristics (RQ2),Adaptation,None,
tobi,54Q9Q89E,False,Software characteristics (RQ2),Goal of adaptation,Not applicable,
tobi,54Q9Q89E,False,Explanation structure (RQ3),Intrinsic vs. post-hoc,Post-hoc,
tobi,54Q9Q89E,False,Explanation structure (RQ3),Generation technique,Other: Feature Attribution (LRP); Feature Attribution (Gradient),Other
tobi,54Q9Q89E,False,Explanation structure (RQ3),Explained robot part,Perception,
tobi,54Q9Q89E,False,Explanation structure (RQ3),Explained robot part,Behaviour,
tobi,54Q9Q89E,False,Explanation structure (RQ3),Explanatory question,Why,
tobi,54Q9Q89E,False,Explanation structure (RQ3),Planning level scope,Action level,
tobi,54Q9Q89E,False,Explanation structure (RQ3),Planning level scope,Policy level,
tobi,54Q9Q89E,False,Explanation structure (RQ3),Presentation modality,Visualization,
tobi,54Q9Q89E,False,Stakeholder (RQ4),HRI Type,No coexistence,
tobi,54Q9Q89E,False,Stakeholder (RQ4),Motivation,Transparency,
tobi,54Q9Q89E,False,Stakeholder (RQ4),Stakeholder type,Underspecified,
tobi,54Q9Q89E,False,Evaluation (RQ5),State of explainability,"Discussion needed: I feel that what they call qunatitive evaluation is actually an example of a technical qualitative evaluation. On the one hand, the evaluation uses a quite detailed evaluation setup with perturbations and averaged values. However, the restults are not really compared quantitatively but discussed qualitatively. ",Discussion needed
tobi,54Q9Q89E,False,Evaluation (RQ5),Type of explainability evaluation,"Technical (Benchmark), Qualitative",
tobi,54Q9Q89E,False,Evaluation (RQ5),Evaluation metrics,Understandability,
tobi,GXQT7PDU,False,General information,Code available?,no,
tobi,GXQT7PDU,False,General information,Project status,Not applicable,
tobi,GXQT7PDU,False,General information,License,Not applicable,
tobi,GXQT7PDU,False,General information,Additional information,Other: They have website that has a button for code but it leads nowhere: https://x-qmap.github.io/,Other
tobi,GXQT7PDU,False,Target platform (RQ1),Deployment,Robot simulation,
tobi,GXQT7PDU,False,Target platform (RQ1),Robotic device,Drone,
tobi,GXQT7PDU,False,Target platform (RQ1),Robotic device,Articulated robot,
tobi,GXQT7PDU,False,Target platform (RQ1),Robotic device,Other: Cobot,Other
tobi,GXQT7PDU,False,Target platform (RQ1),Simulation environment,PyBullet,
tobi,GXQT7PDU,False,Target platform (RQ1),Simulation environment,Other: Airsim; Ravens,Other
tobi,GXQT7PDU,False,Target platform (RQ1),Domain,Underspecified,
tobi,GXQT7PDU,False,Target platform (RQ1),Use case,Manipulation,
tobi,GXQT7PDU,False,Target platform (RQ1),Use case,Navigation,
tobi,GXQT7PDU,False,Target platform (RQ1),Location,Laboratory,
tobi,GXQT7PDU,False,Target platform (RQ1),Multi Agent System,"No, i.e. one human - one robot",
tobi,GXQT7PDU,False,Software characteristics (RQ2),Middleware,Underspecified,
tobi,GXQT7PDU,False,Software characteristics (RQ2),Control algorithm,RL,
tobi,GXQT7PDU,False,Software characteristics (RQ2),Control algorithm,DL-Based,
tobi,GXQT7PDU,False,Software characteristics (RQ2),Control algorithm,Other: Q-Learning (RL algorithm),Other
tobi,GXQT7PDU,False,Software characteristics (RQ2),Adaptation,None,
tobi,GXQT7PDU,False,Software characteristics (RQ2),Goal of adaptation,Not applicable,
tobi,GXQT7PDU,False,Explanation structure (RQ3),Intrinsic vs. post-hoc,Intrinsic,
tobi,GXQT7PDU,False,Explanation structure (RQ3),Generation technique,DL-based,
tobi,GXQT7PDU,False,Explanation structure (RQ3),Generation technique,Other: Reward Decomposition; Interpretable Architecture (Primitive Actions),Other
tobi,GXQT7PDU,False,Explanation structure (RQ3),Explained robot part,Perception,
tobi,GXQT7PDU,False,Explanation structure (RQ3),Explained robot part,Behaviour,
tobi,GXQT7PDU,False,Explanation structure (RQ3),Explanatory question,Why,
tobi,GXQT7PDU,False,Explanation structure (RQ3),Planning level scope,Action level,
tobi,GXQT7PDU,False,Explanation structure (RQ3),Planning level scope,Sequence level,
tobi,GXQT7PDU,False,Explanation structure (RQ3),Presentation modality,Visualization,
tobi,GXQT7PDU,False,Explanation structure (RQ3),Presentation modality,Plot,
tobi,GXQT7PDU,False,Explanation structure (RQ3),Presentation modality,Text,
tobi,GXQT7PDU,False,Stakeholder (RQ4),HRI Type,No coexistence,
tobi,GXQT7PDU,False,Stakeholder (RQ4),Motivation,Transparency,
tobi,GXQT7PDU,False,Stakeholder (RQ4),Motivation,Intent communication,
tobi,GXQT7PDU,False,Stakeholder (RQ4),Motivation,Trust (increase),
tobi,GXQT7PDU,False,Stakeholder (RQ4),Stakeholder type,Underspecified,
tobi,GXQT7PDU,False,Evaluation (RQ5),State of explainability,Implementation,
tobi,GXQT7PDU,False,Evaluation (RQ5),Type of explainability evaluation,None,
tobi,GXQT7PDU,False,Evaluation (RQ5),Evaluation metrics,Not applicable,
tobi,UIYQE7V7,False,General information,Code available?,no,
tobi,UIYQE7V7,False,General information,Project status,Not applicable,
tobi,UIYQE7V7,False,General information,License,Not applicable,
tobi,UIYQE7V7,False,General information,Additional information,No additional information,
tobi,UIYQE7V7,False,Target platform (RQ1),Deployment,Robot simulation,
tobi,UIYQE7V7,False,Target platform (RQ1),Deployment,Real robot,
tobi,UIYQE7V7,False,Target platform (RQ1),Robotic device,Wheeled robot,
tobi,UIYQE7V7,False,Target platform (RQ1),Simulation environment,Webots,
tobi,UIYQE7V7,False,Target platform (RQ1),Domain,Underspecified,
tobi,UIYQE7V7,False,Target platform (RQ1),Use case,Navigation,
tobi,UIYQE7V7,False,Target platform (RQ1),Use case,Collision avoidance,
tobi,UIYQE7V7,False,Target platform (RQ1),Use case,Discussion needed: I am not sure if wall following counts as navigation or is only collision avoidance.,Discussion needed
tobi,UIYQE7V7,False,Target platform (RQ1),Location,Laboratory,
tobi,UIYQE7V7,False,Target platform (RQ1),Multi Agent System,"No, i.e. one human - one robot",
tobi,UIYQE7V7,False,Software characteristics (RQ2),Middleware,Underspecified,
tobi,UIYQE7V7,False,Software characteristics (RQ2),Control algorithm,RL,
tobi,UIYQE7V7,False,Software characteristics (RQ2),Control algorithm,"Other: Fuzzy Learning, Actor-Critic (RL Algorithm)",Other
tobi,UIYQE7V7,False,Software characteristics (RQ2),Adaptation,None,
tobi,UIYQE7V7,False,Software characteristics (RQ2),Goal of adaptation,Not applicable,
tobi,UIYQE7V7,False,Explanation structure (RQ3),Intrinsic vs. post-hoc,Intrinsic,
tobi,UIYQE7V7,False,Explanation structure (RQ3),Generation technique,Other: Interpretable Architecture (Fuzzy Rules),Other
tobi,UIYQE7V7,False,Explanation structure (RQ3),Explained robot part,Behaviour,
tobi,UIYQE7V7,False,Explanation structure (RQ3),Explained robot part,Perception,
tobi,UIYQE7V7,False,Explanation structure (RQ3),Explanatory question,Why,
tobi,UIYQE7V7,False,Explanation structure (RQ3),Planning level scope,Policy level,
tobi,UIYQE7V7,False,Explanation structure (RQ3),Presentation modality,Visualization,
tobi,UIYQE7V7,False,Explanation structure (RQ3),Presentation modality,Other: Interpretable Model (Fuzzy Rules),Other
tobi,UIYQE7V7,False,Stakeholder (RQ4),HRI Type,No coexistence,
tobi,UIYQE7V7,False,Stakeholder (RQ4),Motivation,Underspecified,
tobi,UIYQE7V7,False,Stakeholder (RQ4),Stakeholder type,Underspecified,
tobi,UIYQE7V7,False,Evaluation (RQ5),State of explainability,Implementation,
tobi,UIYQE7V7,False,Evaluation (RQ5),Type of explainability evaluation,None,
tobi,UIYQE7V7,False,Evaluation (RQ5),Evaluation metrics,Not applicable,
tobi,UPKK5F4G,False,General information,Code available?,no,
tobi,UPKK5F4G,False,General information,Project status,Not applicable,
tobi,UPKK5F4G,False,General information,License,Not applicable,
tobi,UPKK5F4G,False,General information,Additional information,No additional information,
tobi,UPKK5F4G,False,Target platform (RQ1),Deployment,Robot simulation,
tobi,UPKK5F4G,False,Target platform (RQ1),Deployment,Real robot,
tobi,UPKK5F4G,False,Target platform (RQ1),Robotic device,Drone,
tobi,UPKK5F4G,False,Target platform (RQ1),Simulation environment,Unity,
tobi,UPKK5F4G,False,Target platform (RQ1),Domain,Underspecified,
tobi,UPKK5F4G,False,Target platform (RQ1),Use case,Navigation,
tobi,UPKK5F4G,False,Target platform (RQ1),Use case,Collision avoidance,
tobi,UPKK5F4G,False,Target platform (RQ1),Location,Laboratory,
tobi,UPKK5F4G,False,Target platform (RQ1),Location,Field,
tobi,UPKK5F4G,False,Target platform (RQ1),Multi Agent System,"No, i.e. one human - one robot",
tobi,UPKK5F4G,False,Software characteristics (RQ2),Middleware,ROS1,
tobi,UPKK5F4G,False,Software characteristics (RQ2),Middleware,ROS2,
tobi,UPKK5F4G,False,Software characteristics (RQ2),Middleware,Other: ML-Agents (Reinforcement Learning Interface),Other
tobi,UPKK5F4G,False,Software characteristics (RQ2),Middleware,Discussion needed: They do not specify which ROS,Discussion needed
tobi,UPKK5F4G,False,Software characteristics (RQ2),Control algorithm,RL,
tobi,UPKK5F4G,False,Software characteristics (RQ2),Control algorithm,DL-Based,
tobi,UPKK5F4G,False,Software characteristics (RQ2),Control algorithm,"Other: PPO (RL Algorithm), Neural Circut Learning",Other
tobi,UPKK5F4G,False,Software characteristics (RQ2),Adaptation,None,
tobi,UPKK5F4G,False,Software characteristics (RQ2),Goal of adaptation,Not applicable,
tobi,UPKK5F4G,False,Explanation structure (RQ3),Intrinsic vs. post-hoc,Intrinsic,
tobi,UPKK5F4G,False,Explanation structure (RQ3),Generation technique,Other: Intriniscally Interpretable Model (Neural Circuit Learning),Other
tobi,UPKK5F4G,False,Explanation structure (RQ3),Explained robot part,Behaviour,
tobi,UPKK5F4G,False,Explanation structure (RQ3),Explained robot part,Perception,
tobi,UPKK5F4G,False,Explanation structure (RQ3),Explanatory question,Why,
tobi,UPKK5F4G,False,Explanation structure (RQ3),Planning level scope,Policy level,
tobi,UPKK5F4G,False,Explanation structure (RQ3),Presentation modality,Visualization,
tobi,UPKK5F4G,False,Explanation structure (RQ3),Presentation modality,Plot,
tobi,UPKK5F4G,False,Explanation structure (RQ3),Presentation modality,"Other: Interpretable Model (Decision Trees, Interpretable Neural Network)",Other
tobi,UPKK5F4G,False,Stakeholder (RQ4),HRI Type,No coexistence,
tobi,UPKK5F4G,False,Stakeholder (RQ4),Motivation,Collaboration,
tobi,UPKK5F4G,False,Stakeholder (RQ4),Motivation,Trust (unspecified),
tobi,UPKK5F4G,False,Stakeholder (RQ4),Stakeholder type,Underspecified,
tobi,UPKK5F4G,False,Evaluation (RQ5),State of explainability,Implementation,
tobi,UPKK5F4G,False,Evaluation (RQ5),Type of explainability evaluation,None,
tobi,UPKK5F4G,False,Evaluation (RQ5),Evaluation metrics,Not applicable,
